usuario,cursos_inscritos,horas_formacion,tests_realizados,aciertos_totales,pais,nivel_estudios
1,2,16.6,6,32,México,Universidad
2,1,4.5,2,15,Argentina,FP
3,4,17.9,12,64,Colombia,FP
4,2,28.6,2,13,Argentina,Secundaria
5,1,6.3,1,6,Colombia,FP
6,2,20.5,6,30,Otros,Universidad
7,2,5.4,2,10,Colombia,Secundaria
8,0,0.0,0,0,Colombia,Secundaria
9,2,20.9,4,29,México,Secundaria
10,3,21.5,3,22,México,Secundaria
11,0,0.0,0,0,Otros,FP
12,5,73.8,5,33,Argentina,Secundaria
13,3,39.9,9,50,Colombia,Secundaria
14,3,23.4,3,21,Colombia,Universidad
15,4,20.5,12,91,Otros,Secundaria
16,6,29.6,18,108,Colombia,FP
17,1,5.4,2,15,España,Secundaria
18,4,17.9,4,29,Colombia,Secundaria
19,5,22.5,5,29,España,FP
20,4,46.8,8,57,Otros,FP
21,4,14.9,8,60,Otros,FP
22,6,61.3,12,93,Otros,Secundaria
23,5,62.0,15,76,Colombia,Universidad
24,4,41.0,12,72,Argentina,Secundaria
25,1,12.2,3,23,España,Secundaria
26,6,78.8,12,77,España,Universidad
27,1,11.0,2,10,Colombia,FP
28,1,12.5,2,13,México,FP
29,3,19.6,6,44,España,Secundaria
30,0,0.0,0,0,España,Universidad
31,3,9.3,6,41,Argentina,Universidad
32,2,11.6,6,31,España,FP
33,6,43.1,6,40,Otros,Secundaria
34,3,23.8,9,50,México,Universidad
35,3,32.8,3,18,Colombia,Secundaria
36,4,10.3,4,31,Argentina,FP
37,0,0.0,0,0,México,Universidad
38,3,16.8,3,20,México,Secundaria
39,2,8.7,4,27,Argentina,FP
40,4,54.6,8,61,Argentina,Secundaria
41,0,0.0,0,0,Argentina,Universidad
42,1,11.8,1,6,Colombia,Secundaria
43,0,0.0,0,0,Argentina,Secundaria
44,0,0.0,0,0,Colombia,FP
45,0,0.0,0,0,México,FP
46,6,46.7,12,74,Colombia,Universidad
47,6,57.1,18,137,Argentina,Secundaria
48,6,75.6,18,121,Argentina,FP
49,4,21.2,8,63,Colombia,Secundaria
50,2,17.9,6,43,México,Secundaria
51,6,12.2,12,74,México,FP
52,0,0.0,0,0,España,Universidad
53,1,9.0,2,13,México,FP
54,4,13.4,8,44,España,Universidad
55,6,77.1,12,70,España,Secundaria
56,3,8.7,3,21,Argentina,Secundaria
57,2,28.5,6,30,España,Universidad
58,6,34.7,6,44,Colombia,Universidad
59,2,29.0,6,37,Otros,FP
60,0,0.0,0,0,Argentina,Secundaria
61,3,20.6,6,32,Otros,Secundaria
62,0,0.0,0,0,España,Secundaria
63,6,38.1,18,93,Colombia,Secundaria
64,5,67.1,5,25,Argentina,Universidad
65,4,52.2,8,44,Colombia,Secundaria
66,0,0.0,0,0,México,Universidad
67,2,9.5,4,22,Colombia,FP
68,2,6.3,2,11,Argentina,Universidad
69,4,56.0,4,20,España,Universidad
70,4,54.9,4,24,España,FP
71,2,8.2,6,34,España,Secundaria
72,0,0.0,0,0,Colombia,FP
73,1,3.6,1,6,Argentina,FP
74,4,58.6,12,71,Colombia,FP
75,4,56.6,12,70,Argentina,Universidad
76,6,49.6,6,32,Argentina,Secundaria
77,0,0.0,0,0,México,Secundaria
78,2,18.9,2,13,Colombia,Universidad
79,5,11.1,5,25,Otros,FP
80,5,56.7,5,37,Argentina,Secundaria
81,5,13.2,15,116,Otros,Secundaria
82,1,13.2,1,7,Argentina,Secundaria
83,2,25.8,2,10,Argentina,Secundaria
84,0,0.0,0,0,Argentina,FP
85,1,13.8,1,5,Argentina,Universidad
86,4,45.4,4,31,Colombia,Secundaria
87,4,59.4,4,26,Argentina,FP
88,1,8.9,1,5,México,Universidad
89,5,11.9,10,65,México,Universidad
90,6,77.9,18,118,España,Universidad
91,1,6.7,2,15,Colombia,Secundaria
92,5,61.3,10,50,Colombia,Secundaria
93,2,21.6,4,25,España,FP
94,2,7.9,4,30,España,Universidad
95,1,8.9,1,7,Otros,Secundaria
96,0,0.0,0,0,México,Universidad
97,3,28.6,9,49,México,Universidad
98,2,28.5,4,28,Otros,FP
99,6,15.1,6,38,España,FP
100,1,3.8,3,19,México,FP
101,2,4.8,2,12,España,Secundaria
102,1,4.2,3,21,Colombia,FP
103,3,33.5,3,19,México,FP
104,3,11.8,3,20,Colombia,FP
105,1,9.4,3,17,España,FP
106,6,39.0,18,120,Colombia,Universidad
107,6,29.2,18,107,México,Secundaria
108,5,33.1,10,56,Otros,Universidad
109,5,32.4,15,111,España,Universidad
110,1,10.0,2,15,Argentina,Secundaria
111,2,5.3,6,40,Colombia,Secundaria
112,2,25.7,6,46,España,Universidad
113,1,3.7,2,12,España,FP
114,4,8.3,12,82,Otros,FP
115,1,4.9,2,11,Colombia,FP
116,2,12.8,6,33,Otros,Universidad
117,0,0.0,0,0,Otros,Secundaria
118,6,66.2,6,37,México,FP
119,3,40.7,9,48,Colombia,FP
120,1,8.1,2,10,Otros,FP
121,5,67.4,10,57,México,FP
122,3,31.0,3,21,España,Universidad
123,0,0.0,0,0,Otros,FP
124,5,25.2,10,51,Otros,FP
125,6,33.1,6,40,Colombia,Universidad
126,1,6.9,1,6,Colombia,Universidad
127,4,54.2,12,95,México,FP
128,0,0.0,0,0,Argentina,Universidad
129,2,28.0,6,37,Otros,Universidad
130,3,35.1,6,40,Colombia,Secundaria
131,1,4.0,1,5,España,FP
132,4,44.1,8,63,México,FP
133,0,0.0,0,0,Otros,Secundaria
134,0,0.0,0,0,Argentina,Universidad
135,0,0.0,0,0,Argentina,Universidad
136,4,58.8,12,72,Argentina,Secundaria
137,5,53.8,5,38,México,Secundaria
138,1,6.3,1,7,España,Secundaria
139,1,5.9,2,14,Colombia,FP
140,2,23.3,2,13,Argentina,Universidad
141,3,20.8,6,39,México,FP
142,6,74.0,12,66,Argentina,Secundaria
143,6,28.0,18,113,Colombia,Universidad
144,6,60.2,12,91,Otros,Secundaria
145,5,53.0,10,61,Argentina,Secundaria
146,0,0.0,0,0,México,Secundaria
147,0,0.0,0,0,España,FP
148,4,29.1,12,89,Argentina,FP
149,5,67.1,15,94,Otros,Secundaria
150,5,15.6,10,65,España,Secundaria
151,2,26.3,4,21,Argentina,Universidad
152,6,72.9,18,97,México,Secundaria
153,2,5.3,4,27,España,Secundaria
154,4,57.0,8,61,España,Universidad
155,0,0.0,0,0,España,Universidad
156,3,21.6,3,19,Colombia,Secundaria
157,4,48.9,4,30,Otros,Universidad
158,0,0.0,0,0,México,FP
159,1,9.8,1,5,Argentina,Secundaria
160,2,9.5,4,22,Colombia,Secundaria
161,4,32.5,4,21,Otros,Universidad
162,3,37.4,3,17,Argentina,Universidad
163,5,72.6,5,30,Otros,Universidad
164,1,11.5,2,15,Otros,Universidad
165,0,0.0,0,0,Colombia,FP
166,4,44.3,4,22,Otros,Secundaria
167,4,34.6,12,88,Otros,Secundaria
168,2,11.9,6,40,México,FP
169,1,13.1,1,5,España,Universidad
170,2,4.3,4,30,Colombia,FP
171,4,17.0,4,30,Colombia,Universidad
172,6,40.1,12,80,México,Secundaria
173,6,65.7,6,38,Argentina,FP
174,5,48.7,5,30,Colombia,Universidad
175,4,27.7,8,54,Otros,FP
176,4,33.5,8,43,Otros,FP
177,0,0.0,0,0,Otros,Secundaria
178,0,0.0,0,0,Otros,Universidad
179,6,82.6,6,37,Colombia,Universidad
180,1,4.2,3,15,Colombia,FP
181,1,3.4,2,11,Argentina,FP
182,3,29.7,9,47,Otros,Universidad
183,3,17.6,6,32,Otros,FP
184,6,48.1,6,46,España,Universidad
185,5,28.1,10,57,Colombia,FP
186,2,14.3,6,43,Colombia,FP
187,3,24.8,6,36,Colombia,Universidad
188,3,25.0,9,62,Colombia,Universidad
189,5,52.7,15,90,España,Secundaria
190,1,9.4,1,6,Colombia,FP
191,6,81.8,18,120,Colombia,Secundaria
192,1,13.0,3,17,Argentina,FP
193,3,10.0,3,16,Colombia,Secundaria
194,3,29.6,9,68,España,FP
195,4,15.0,12,64,Colombia,Universidad
196,1,11.7,3,18,Argentina,FP
197,2,18.5,4,28,España,Universidad
198,5,59.1,10,50,Argentina,Universidad
199,2,13.6,6,30,Argentina,FP
200,5,12.7,5,28,Otros,Universidad
201,6,60.2,18,116,Otros,Secundaria
202,1,5.4,2,15,México,Secundaria
203,0,0.0,0,0,España,FP
204,4,59.8,12,81,México,FP
205,0,0.0,0,0,Otros,Universidad
206,6,23.8,18,95,México,Universidad
207,4,28.8,8,55,Colombia,Universidad
208,5,20.3,5,29,Argentina,Secundaria
209,2,6.1,4,27,Colombia,Secundaria
210,5,58.6,15,95,Argentina,Secundaria
211,4,41.0,12,63,Otros,Secundaria
212,5,29.0,10,53,Colombia,Universidad
213,3,32.5,6,34,Colombia,Secundaria
214,5,13.1,5,35,Otros,Universidad
215,0,0.0,0,0,Otros,FP
216,0,0.0,0,0,España,FP
217,2,16.7,4,22,Colombia,Universidad
218,4,29.5,8,42,México,FP
219,6,14.8,12,90,Otros,Secundaria
220,6,51.7,6,44,Colombia,Universidad
221,0,0.0,0,0,Colombia,FP
222,3,37.9,3,20,México,FP
223,5,35.0,10,78,Otros,Universidad
224,0,0.0,0,0,Otros,Universidad
225,6,75.8,6,36,México,FP
226,3,42.0,9,58,Argentina,FP
227,0,0.0,0,0,España,FP
228,2,21.3,6,44,Colombia,Secundaria
229,1,14.5,1,5,Colombia,Universidad
230,2,10.3,2,10,México,Universidad
231,3,18.1,3,21,Otros,Secundaria
232,5,65.7,5,33,Colombia,Secundaria
233,3,30.4,6,41,Otros,Secundaria
234,5,49.7,10,52,México,Universidad
235,1,12.9,2,12,España,Secundaria
236,3,41.9,9,68,España,FP
237,6,78.4,6,30,Argentina,FP
238,2,11.7,4,24,Colombia,Secundaria
239,3,6.8,3,21,Argentina,Secundaria
240,0,0.0,0,0,Argentina,Universidad
241,1,7.0,1,7,Colombia,Secundaria
242,4,27.7,12,78,México,FP
243,2,6.1,2,11,México,Secundaria
244,6,16.7,18,119,Colombia,Universidad
245,1,8.2,2,13,Argentina,Universidad
246,5,56.4,5,25,Otros,FP
247,1,10.3,3,22,Colombia,FP
248,5,11.4,5,25,España,Universidad
249,6,13.4,18,116,México,Secundaria
250,3,13.5,9,67,Argentina,FP
251,3,21.8,3,15,España,FP
252,4,8.1,8,56,Colombia,Universidad
253,1,9.1,2,13,España,FP
254,2,16.8,2,13,Argentina,Universidad
255,1,10.3,2,11,Colombia,Universidad
256,2,24.7,4,24,Argentina,FP
257,5,66.3,10,62,España,FP
258,0,0.0,0,0,Colombia,Universidad
259,0,0.0,0,0,España,Secundaria
260,4,41.3,12,76,Colombia,Universidad
261,2,5.3,4,20,España,Universidad
262,3,24.0,9,52,México,Secundaria
263,3,9.1,9,52,Otros,Secundaria
264,3,8.4,6,47,España,Secundaria
265,3,10.3,3,18,Otros,FP
266,3,19.2,6,46,Argentina,Secundaria
267,4,42.0,12,78,Otros,Universidad
268,5,55.3,15,104,Otros,Universidad
269,6,66.7,12,73,México,Secundaria
270,6,17.8,12,65,Colombia,Secundaria
271,6,82.3,6,39,España,FP
272,2,23.9,4,26,México,Universidad
273,6,66.8,12,94,España,FP
274,2,22.8,2,13,Colombia,Secundaria
275,5,40.7,5,36,Argentina,Universidad
276,3,24.0,9,51,Otros,FP
277,1,8.8,3,15,Otros,Secundaria
278,6,54.5,12,66,España,Secundaria
279,5,57.0,10,58,Argentina,Universidad
280,4,44.2,4,21,Argentina,Secundaria
281,3,29.6,6,30,Argentina,Universidad
282,4,24.5,4,30,México,Universidad
283,5,59.9,15,78,España,Universidad
284,3,23.5,3,20,Argentina,Secundaria
285,3,10.3,3,16,Argentina,Universidad
286,1,6.4,1,6,España,FP
287,3,12.2,6,35,México,Secundaria
288,4,46.5,12,90,Colombia,Secundaria
289,4,40.1,8,53,Colombia,FP
290,1,3.9,2,10,Argentina,Secundaria
291,1,3.7,1,7,México,Universidad
292,4,44.2,12,73,España,Secundaria
293,5,20.9,5,38,Argentina,Secundaria
294,1,6.8,3,21,Otros,FP
295,1,4.4,3,19,España,Universidad
296,1,14.8,3,21,Argentina,FP
297,0,0.0,0,0,Colombia,Secundaria
298,5,25.3,10,57,Argentina,Secundaria
299,6,15.9,12,71,México,Secundaria
300,5,42.4,10,61,México,Secundaria
301,6,24.2,6,43,España,Universidad
302,1,13.2,3,21,España,Universidad
303,2,16.1,4,26,Otros,Secundaria
304,5,61.2,5,28,España,Universidad
305,3,24.1,9,57,España,Universidad
306,5,43.5,5,33,Colombia,Universidad
307,6,87.7,12,95,Colombia,Universidad
308,0,0.0,0,0,Colombia,Secundaria
309,6,30.9,12,67,México,Secundaria
310,4,57.6,8,55,México,Secundaria
311,6,62.5,12,85,España,Secundaria
312,2,7.6,4,24,México,Secundaria
313,1,12.8,1,6,España,Universidad
314,1,14.3,2,11,España,Secundaria
315,4,35.3,12,60,Otros,Universidad
316,1,12.3,2,15,México,FP
317,4,16.3,12,62,México,Secundaria
318,3,8.2,9,70,Colombia,Universidad
319,6,41.7,12,80,España,Secundaria
320,2,5.9,6,35,México,FP
321,6,63.5,18,107,España,Universidad
322,1,12.4,3,18,Argentina,Universidad
323,3,42.8,3,21,España,FP
324,4,49.6,12,83,España,Universidad
325,0,0.0,0,0,España,Secundaria
326,4,48.6,8,45,España,Universidad
327,3,20.6,3,17,Otros,Universidad
328,4,43.6,8,48,Argentina,Universidad
329,4,59.7,8,59,Colombia,Secundaria
330,0,0.0,0,0,Otros,Universidad
331,2,10.1,2,14,México,FP
332,4,59.3,8,55,México,FP
333,6,86.9,12,78,España,Secundaria
334,1,8.8,1,7,México,Universidad
335,4,24.1,8,45,Otros,Secundaria
336,6,35.0,18,127,Otros,FP
337,0,0.0,0,0,Otros,Secundaria
338,1,10.2,1,5,México,Universidad
339,5,35.0,10,73,Argentina,Universidad
340,0,0.0,0,0,Otros,Universidad
341,4,14.0,4,20,Colombia,Universidad
342,1,7.6,1,5,Colombia,Universidad
343,4,30.0,8,42,Argentina,Secundaria
344,6,65.7,18,122,Colombia,FP
345,3,11.0,9,66,España,FP
346,5,53.0,10,73,Otros,Universidad
347,2,13.6,2,14,Otros,Secundaria
348,6,50.0,18,129,Colombia,Universidad
349,2,10.5,4,26,Colombia,FP
350,5,22.5,5,34,Argentina,FP
351,4,37.8,12,78,Otros,Universidad
352,3,27.3,9,50,Otros,Secundaria
353,0,0.0,0,0,Argentina,Universidad
354,4,46.6,12,73,Colombia,Secundaria
355,0,0.0,0,0,España,Secundaria
356,6,44.4,12,93,México,Secundaria
357,3,16.2,9,56,Otros,Universidad
358,2,7.9,4,21,Argentina,Secundaria
359,2,21.2,2,11,México,Secundaria
360,5,13.3,5,35,España,Universidad
361,6,17.4,18,124,Colombia,Universidad
362,3,8.7,9,58,Colombia,FP
363,2,28.5,2,12,México,Secundaria
364,3,42.4,6,32,México,Universidad
365,6,29.3,12,73,Otros,FP
366,3,8.1,6,39,Argentina,Secundaria
367,5,25.9,5,26,Colombia,Secundaria
368,0,0.0,0,0,Colombia,Secundaria
369,2,28.5,6,34,México,Secundaria
370,4,49.8,8,44,España,Universidad
371,4,10.8,4,25,México,FP
372,6,65.9,12,95,España,FP
373,6,70.4,12,93,Argentina,Secundaria
374,5,12.7,5,37,Otros,Universidad
375,4,45.2,12,66,Argentina,FP
376,3,41.3,6,30,Otros,Universidad
377,5,16.5,15,115,México,Secundaria
378,2,22.4,2,11,Argentina,Universidad
379,2,12.7,6,37,México,FP
380,0,0.0,0,0,España,FP
381,1,10.1,1,5,Colombia,Secundaria
382,4,10.1,12,93,Colombia,Secundaria
383,4,57.6,8,58,México,FP
384,4,57.0,12,69,España,FP
385,6,27.0,18,93,Argentina,Universidad
386,2,16.6,4,23,México,Universidad
387,3,21.7,3,20,Argentina,FP
388,1,14.1,3,19,México,FP
389,3,38.6,6,41,Otros,Secundaria
390,5,69.7,5,30,México,Secundaria
391,0,0.0,0,0,Argentina,Universidad
392,2,26.4,6,32,Argentina,Universidad
393,4,38.6,4,22,Argentina,FP
394,0,0.0,0,0,Argentina,Secundaria
395,4,28.9,12,92,Colombia,Universidad
396,4,24.5,4,23,Argentina,FP
397,5,18.8,15,110,Argentina,Secundaria
398,2,5.3,2,10,Otros,FP
399,2,24.2,2,14,Colombia,Universidad
400,5,65.4,5,31,Argentina,Secundaria
401,4,37.8,4,24,España,Secundaria
402,3,11.5,3,18,Colombia,FP
403,3,26.7,6,42,Colombia,FP
404,3,37.9,6,36,Otros,Secundaria
405,1,4.2,1,5,Argentina,FP
406,6,49.6,6,45,Colombia,Secundaria
407,5,71.3,10,75,Argentina,Universidad
408,1,9.9,2,10,España,FP
409,2,28.6,4,29,España,FP
410,3,31.3,6,37,México,FP
411,0,0.0,0,0,Argentina,Universidad
412,4,59.0,12,69,Argentina,Universidad
413,0,0.0,0,0,España,Universidad
414,2,7.6,6,46,Argentina,Universidad
415,2,7.2,2,15,España,Universidad
416,3,35.1,6,41,México,FP
417,1,11.7,3,17,España,Universidad
418,5,36.3,15,112,Argentina,FP
419,5,66.8,5,39,Otros,Universidad
420,5,21.7,15,112,Argentina,Universidad
421,4,31.9,8,54,México,Secundaria
422,5,12.9,5,30,México,FP
423,4,33.5,4,29,España,Secundaria
424,1,11.5,2,12,España,FP
425,0,0.0,0,0,Otros,FP
426,1,8.2,1,7,Colombia,Universidad
427,3,26.1,9,55,México,FP
428,0,0.0,0,0,Argentina,FP
429,2,14.0,6,43,España,Secundaria
430,2,7.8,2,12,Colombia,Secundaria
431,0,0.0,0,0,Colombia,FP
432,5,74.9,5,39,Otros,Secundaria
433,2,16.4,2,13,México,Universidad
434,0,0.0,0,0,España,Universidad
435,0,0.0,0,0,Colombia,Secundaria
436,0,0.0,0,0,Argentina,FP
437,3,38.2,9,58,Colombia,FP
438,5,72.3,15,77,México,Secundaria
439,1,2.2,3,15,México,FP
440,5,46.7,5,29,España,Secundaria
441,6,23.0,18,97,Otros,FP
442,0,0.0,0,0,España,FP
443,5,34.2,5,30,Colombia,Secundaria
444,2,9.8,2,10,España,Universidad
445,3,42.0,3,22,México,FP
446,5,55.2,5,29,Colombia,FP
447,0,0.0,0,0,Colombia,Secundaria
448,0,0.0,0,0,Argentina,FP
449,6,30.3,12,60,México,FP
450,0,0.0,0,0,Argentina,FP
451,2,14.2,2,15,Colombia,Secundaria
452,0,0.0,0,0,Otros,Secundaria
453,3,17.0,6,30,México,Universidad
454,5,69.7,10,53,México,FP
455,0,0.0,0,0,Argentina,Secundaria
456,6,79.0,18,135,Argentina,Universidad
457,1,12.4,1,7,Argentina,FP
458,5,56.0,10,59,Colombia,Secundaria
459,5,16.4,10,53,México,Universidad
460,2,11.6,6,35,México,Universidad
461,0,0.0,0,0,España,Secundaria
462,3,21.1,9,66,Colombia,Universidad
463,3,42.8,6,31,Colombia,Universidad
464,5,34.0,5,35,Argentina,FP
465,0,0.0,0,0,Otros,Secundaria
466,6,42.4,12,69,Otros,FP
467,1,13.3,2,12,México,FP
468,5,28.3,15,99,España,Secundaria
469,5,40.3,10,55,España,FP
470,6,88.7,12,75,Argentina,FP
471,2,23.0,2,14,Colombia,FP
472,2,25.7,6,46,España,FP
473,0,0.0,0,0,Argentina,Universidad
474,5,62.2,5,28,Otros,Secundaria
475,4,33.1,12,64,México,Secundaria
476,5,20.0,10,79,Argentina,FP
477,5,35.6,15,100,México,FP
478,3,27.0,3,22,México,Secundaria
479,0,0.0,0,0,Argentina,Secundaria
480,0,0.0,0,0,Colombia,Secundaria
481,6,54.4,12,91,Otros,FP
482,5,21.4,5,31,Argentina,FP
483,1,14.0,3,16,Colombia,FP
484,5,44.1,15,99,España,FP
485,0,0.0,0,0,Colombia,FP
486,6,68.5,12,60,Otros,FP
487,2,7.3,2,10,Argentina,Universidad
488,4,29.7,12,75,Argentina,Secundaria
489,2,19.9,2,15,España,Secundaria
490,4,54.0,8,50,España,FP
491,0,0.0,0,0,Argentina,FP
492,5,11.5,15,76,España,FP
493,2,29.0,4,22,España,FP
494,1,12.8,1,6,España,FP
495,0,0.0,0,0,Colombia,Secundaria
496,2,7.1,4,27,Otros,Secundaria
497,2,13.7,4,26,Colombia,FP
498,4,11.7,4,21,Colombia,FP
499,2,25.6,6,31,Otros,FP
500,0,0.0,0,0,Argentina,Universidad
501,3,31.1,3,23,Otros,Secundaria
502,0,0.0,0,0,Argentina,FP
503,4,15.7,8,62,Otros,Universidad
504,0,0.0,0,0,Colombia,Secundaria
505,2,15.8,2,13,Colombia,FP
506,5,65.3,10,74,Otros,FP
507,3,29.0,3,20,España,Secundaria
508,4,39.5,12,86,Otros,Universidad
509,6,51.7,18,125,Argentina,Secundaria
510,2,18.4,4,25,España,Universidad
511,1,12.7,1,7,México,FP
512,1,12.3,2,15,Otros,Universidad
513,5,25.9,10,78,España,Universidad
514,2,19.5,4,26,México,Universidad
515,2,28.3,4,24,España,FP
516,1,10.1,1,7,Colombia,Secundaria
517,6,68.0,18,103,México,Universidad
518,3,29.2,3,16,México,Secundaria
519,0,0.0,0,0,Otros,Universidad
520,6,84.1,18,131,Otros,Universidad
521,1,4.4,1,5,Colombia,FP
522,6,15.9,6,42,México,Universidad
523,6,27.5,6,35,Colombia,FP
524,6,35.6,12,64,Otros,Universidad
525,0,0.0,0,0,Argentina,FP
526,0,0.0,0,0,Otros,Secundaria
527,4,46.2,8,53,Otros,FP
528,2,21.4,4,26,Colombia,Universidad
529,3,7.3,9,46,Colombia,FP
530,6,64.3,18,110,Argentina,Secundaria
531,5,39.4,5,33,Argentina,Universidad
532,3,20.9,9,52,Otros,FP
533,4,21.5,4,25,Argentina,Secundaria
534,5,27.3,10,56,España,Universidad
535,5,42.9,10,50,Argentina,FP
536,1,14.4,2,12,México,Secundaria
537,3,30.3,3,16,Otros,FP
538,6,53.9,18,126,Otros,Secundaria
539,5,63.6,5,33,México,Universidad
540,5,71.5,15,114,Argentina,Universidad
541,6,54.9,12,70,Otros,FP
542,5,45.0,10,52,Argentina,FP
543,0,0.0,0,0,México,Universidad
544,6,67.6,6,42,Argentina,Universidad
545,6,81.3,18,99,Otros,FP
546,1,10.6,1,5,Otros,Universidad
547,0,0.0,0,0,Otros,Secundaria
548,3,13.4,9,70,México,FP
549,1,14.8,2,11,España,Universidad
550,4,49.4,12,83,Argentina,Universidad
551,5,21.6,10,78,España,Secundaria
552,5,26.9,15,87,Otros,Secundaria
553,2,25.7,4,31,Colombia,FP
554,5,39.8,10,78,México,Secundaria
555,2,10.3,4,26,Otros,Universidad
556,0,0.0,0,0,México,Universidad
557,6,35.8,12,69,México,Universidad
558,2,15.0,6,40,México,FP
559,2,21.1,6,30,Colombia,FP
560,2,27.8,6,44,México,FP
561,5,72.8,5,34,México,Universidad
562,2,5.1,2,15,Otros,Universidad
563,1,11.3,2,14,España,Secundaria
564,5,67.8,10,59,Argentina,FP
565,2,10.5,4,21,México,Universidad
566,5,54.8,5,37,México,FP
567,2,12.2,6,34,Otros,Secundaria
568,3,20.0,6,43,México,Secundaria
569,3,35.8,6,47,España,Secundaria
570,1,6.0,3,20,México,Secundaria
571,3,7.6,9,52,México,Secundaria
572,3,11.1,9,62,Colombia,Secundaria
573,5,62.0,15,76,Otros,Secundaria
574,1,2.5,1,7,Argentina,Universidad
575,5,69.8,15,111,Colombia,Secundaria
576,6,47.4,12,77,Colombia,FP
577,3,40.2,3,17,México,Secundaria
578,5,18.4,5,36,España,Universidad
579,6,33.2,18,100,Otros,FP
580,3,28.3,9,57,Otros,Secundaria
581,1,7.6,1,7,México,Universidad
582,3,41.3,9,54,Argentina,Universidad
583,1,8.3,2,13,México,FP
584,5,50.2,5,33,México,Secundaria
585,4,53.5,12,73,Argentina,FP
586,0,0.0,0,0,México,Universidad
587,5,33.7,10,75,Argentina,FP
588,4,33.7,4,30,Colombia,FP
589,6,56.6,6,38,México,FP
590,2,22.7,6,31,Colombia,Secundaria
591,4,13.8,12,93,Argentina,FP
592,3,32.8,3,16,Colombia,FP
593,6,89.1,18,140,España,FP
594,5,42.5,15,97,Colombia,Secundaria
595,1,5.7,2,14,Argentina,Secundaria
596,0,0.0,0,0,Colombia,Universidad
597,2,22.7,6,44,Colombia,Secundaria
598,5,19.2,15,114,México,FP
599,3,17.2,9,62,Colombia,FP
600,3,43.3,3,22,México,FP
601,4,28.1,4,20,México,FP
602,6,52.3,12,61,México,Secundaria
603,2,29.4,6,34,España,Universidad
604,3,22.0,6,30,Colombia,Universidad
605,2,19.7,2,10,Otros,FP
606,6,24.5,18,134,Argentina,Universidad
607,2,4.5,4,28,Argentina,Universidad
608,4,58.3,12,75,México,Secundaria
609,4,47.9,4,24,México,Universidad
610,1,3.7,1,6,Colombia,Universidad
611,3,13.1,6,38,Otros,Secundaria
612,0,0.0,0,0,Colombia,Secundaria
613,6,35.6,18,98,México,Universidad
614,3,24.3,6,34,Otros,Secundaria
615,3,43.0,6,34,Otros,Universidad
616,5,74.3,5,33,Argentina,FP
617,6,22.4,12,78,México,Secundaria
618,3,23.6,9,48,Argentina,Secundaria
619,4,58.0,4,28,Otros,Universidad
620,5,74.8,15,119,Otros,Secundaria
621,1,7.8,3,16,Argentina,Universidad
622,0,0.0,0,0,México,FP
623,0,0.0,0,0,España,Universidad
624,4,18.5,12,81,España,FP
625,3,8.3,9,47,México,Secundaria
626,2,11.2,2,10,Colombia,FP
627,0,0.0,0,0,México,FP
628,5,11.4,15,86,México,Universidad
629,1,9.5,2,14,México,Secundaria
630,6,58.2,18,90,Argentina,FP
631,2,9.4,2,14,Otros,Universidad
632,6,64.1,18,99,México,Universidad
633,0,0.0,0,0,Colombia,FP
634,4,52.9,4,30,Colombia,Secundaria
635,4,34.0,8,62,México,FP
636,3,35.2,9,51,México,Universidad
637,5,42.3,5,25,España,Universidad
638,5,63.9,5,28,México,Universidad
639,1,4.6,1,6,Colombia,Secundaria
640,1,14.3,2,12,Argentina,Secundaria
641,0,0.0,0,0,España,FP
642,4,9.4,4,31,México,Secundaria
643,0,0.0,0,0,Argentina,Universidad
644,5,43.4,10,74,España,Universidad
645,1,2.5,1,7,Colombia,Secundaria
646,1,10.9,1,7,Argentina,FP
647,5,73.7,5,25,Colombia,Universidad
648,0,0.0,0,0,Colombia,FP
649,2,17.3,2,11,México,Secundaria
650,6,82.8,6,39,Argentina,Universidad
651,5,70.7,15,77,México,Secundaria
652,1,13.9,1,6,Argentina,Secundaria
653,3,17.9,3,22,Argentina,Secundaria
654,6,89.0,12,82,Argentina,Secundaria
655,6,40.5,12,79,México,FP
656,6,74.9,18,111,España,Universidad
657,3,44.3,6,45,Colombia,Universidad
658,5,49.7,15,101,Argentina,Secundaria
659,6,34.2,18,133,Colombia,Universidad
660,6,86.6,12,93,Otros,Universidad
661,0,0.0,0,0,Colombia,FP
662,5,37.7,10,56,Otros,Universidad
663,6,24.7,6,33,Colombia,Secundaria
664,0,0.0,0,0,Colombia,Secundaria
665,3,21.4,6,37,Colombia,Secundaria
666,0,0.0,0,0,México,Secundaria
667,0,0.0,0,0,Argentina,Secundaria
668,3,14.1,3,17,Colombia,Universidad
669,1,12.6,1,5,Argentina,Universidad
670,6,71.5,18,121,Colombia,Universidad
671,2,12.7,6,35,Argentina,FP
672,1,12.0,3,20,Argentina,Secundaria
673,4,51.6,4,25,Argentina,FP
674,4,28.3,4,23,Argentina,Secundaria
675,2,8.4,6,45,Colombia,Secundaria
676,2,6.8,2,12,España,Secundaria
677,6,27.9,18,137,Otros,Universidad
678,3,34.6,3,23,México,Secundaria
679,2,26.2,4,21,Argentina,Secundaria
680,1,4.9,2,15,Otros,FP
681,2,4.3,4,26,Colombia,Universidad
682,1,5.7,1,7,México,FP
683,0,0.0,0,0,España,FP
684,5,74.4,15,103,México,FP
685,2,9.3,2,15,España,Secundaria
686,2,12.7,2,11,Otros,Universidad
687,2,17.9,2,14,Argentina,Secundaria
688,1,12.1,3,16,España,FP
689,1,5.3,1,7,España,Universidad
690,2,21.8,4,25,Argentina,Universidad
691,5,22.2,15,83,España,Universidad
692,6,51.2,12,74,Colombia,FP
693,6,21.5,18,95,Colombia,Universidad
694,3,6.1,3,18,Colombia,Secundaria
695,3,36.1,3,17,Otros,Universidad
696,2,25.6,2,10,España,Universidad
697,1,3.2,3,20,España,FP
698,4,46.8,8,60,España,FP
699,3,10.9,6,44,Argentina,FP
700,4,15.0,4,26,España,Secundaria
701,0,0.0,0,0,Otros,FP
702,0,0.0,0,0,Argentina,Universidad
703,2,8.2,6,43,Colombia,Universidad
704,4,48.1,8,57,Otros,FP
705,0,0.0,0,0,México,Secundaria
706,2,21.6,6,35,Colombia,FP
707,0,0.0,0,0,Otros,Universidad
708,1,11.5,1,6,Colombia,Secundaria
709,4,24.6,12,64,Otros,Secundaria
710,5,40.0,15,95,España,Universidad
711,1,11.1,1,7,México,Universidad
712,4,31.9,4,30,Otros,Universidad
713,1,12.1,3,16,Colombia,Secundaria
714,2,6.3,2,10,Otros,Secundaria
715,4,50.6,4,27,Argentina,Universidad
716,1,5.4,1,7,España,FP
717,1,8.6,2,15,Otros,Universidad
718,2,23.3,6,42,Colombia,FP
719,4,25.1,12,66,México,FP
720,0,0.0,0,0,Argentina,Universidad
721,1,9.3,2,11,Colombia,Secundaria
722,3,26.8,3,17,Colombia,Universidad
723,3,40.4,6,47,Argentina,Universidad
724,1,8.3,3,17,Argentina,Secundaria
725,3,43.9,9,49,México,FP
726,3,34.9,6,35,España,Secundaria
727,5,65.7,15,114,Colombia,Secundaria
728,6,33.5,6,35,México,FP
729,3,21.4,9,64,México,Universidad
730,1,2.3,2,11,Otros,Universidad
731,6,50.2,18,93,Argentina,Secundaria
732,4,14.5,12,70,Colombia,FP
733,3,23.9,3,19,Otros,FP
734,2,27.8,4,25,México,Secundaria
735,6,63.9,12,77,Argentina,Secundaria
736,5,66.3,5,36,México,Universidad
737,1,7.5,3,22,Colombia,Universidad
738,6,75.0,12,70,Argentina,Secundaria
739,6,54.1,18,117,México,FP
740,1,8.3,1,6,España,FP
741,0,0.0,0,0,España,Universidad
742,1,4.3,1,7,Colombia,Universidad
743,2,16.0,6,35,Colombia,Universidad
744,2,7.8,6,33,Colombia,Secundaria
745,0,0.0,0,0,México,Secundaria
746,4,33.4,8,44,España,Secundaria
747,1,10.3,3,19,Colombia,Secundaria
748,6,71.9,18,112,Otros,Secundaria
749,2,7.5,4,24,España,Universidad
750,2,15.7,2,11,Colombia,FP
751,3,32.2,3,15,México,FP
752,4,53.2,4,28,Argentina,Secundaria
753,6,29.3,18,98,México,FP
754,6,83.0,6,31,Argentina,Secundaria
755,5,21.8,15,103,Otros,FP
756,1,10.1,3,17,México,FP
757,2,19.9,6,34,Argentina,Secundaria
758,5,43.9,5,30,España,Universidad
759,3,7.1,3,17,México,FP
760,4,39.4,4,21,México,FP
761,4,52.3,8,45,México,FP
762,4,9.1,8,42,Otros,Universidad
763,4,52.6,12,63,Colombia,Universidad
764,0,0.0,0,0,México,FP
765,0,0.0,0,0,España,Universidad
766,4,45.1,4,21,Colombia,Secundaria
767,6,35.9,18,90,Colombia,Universidad
768,4,22.1,12,86,España,Universidad
769,1,3.7,2,12,Argentina,FP
770,0,0.0,0,0,Colombia,Universidad
771,4,59.4,12,65,Otros,Universidad
772,3,13.6,6,30,España,Secundaria
773,1,11.7,1,5,España,Secundaria
774,4,13.8,12,65,Otros,Universidad
775,5,73.3,5,25,Colombia,Secundaria
776,1,5.1,1,7,Otros,Universidad
777,0,0.0,0,0,España,Universidad
778,6,21.3,18,132,Colombia,Universidad
779,6,71.2,12,63,México,Universidad
780,4,57.6,12,87,Argentina,FP
781,1,7.5,3,22,México,Universidad
782,1,2.5,1,6,México,FP
783,2,9.9,6,46,Argentina,FP
784,4,15.5,8,52,Colombia,FP
785,6,61.3,12,62,Argentina,FP
786,5,22.9,15,111,México,FP
787,0,0.0,0,0,Argentina,Secundaria
788,6,73.6,6,45,España,FP
789,6,23.0,18,94,Argentina,Secundaria
790,3,15.6,6,36,España,FP
791,2,15.9,2,10,Colombia,FP
792,6,24.5,6,33,Colombia,Universidad
793,6,24.3,12,63,Argentina,Universidad
794,1,11.7,2,14,Otros,Secundaria
795,5,37.2,10,68,Otros,FP
796,1,6.2,1,7,México,Secundaria
797,2,22.7,2,14,Colombia,FP
798,0,0.0,0,0,México,Secundaria
799,3,8.1,3,21,Argentina,Secundaria
800,4,40.6,12,81,Colombia,Universidad
801,3,29.6,6,37,México,Secundaria
802,1,3.9,1,6,España,Universidad
803,0,0.0,0,0,Argentina,Secundaria
804,0,0.0,0,0,Argentina,Universidad
805,1,5.4,2,14,Otros,Secundaria
806,4,26.5,4,20,España,FP
807,1,11.6,1,5,Otros,Universidad
808,0,0.0,0,0,Argentina,Universidad
809,5,15.3,15,91,España,FP
810,3,20.3,9,56,Colombia,FP
811,4,34.7,4,21,Argentina,Universidad
812,6,34.1,6,34,Colombia,FP
813,3,44.3,9,50,España,FP
814,0,0.0,0,0,Colombia,Universidad
815,0,0.0,0,0,Argentina,FP
816,3,32.6,3,20,México,Universidad
817,5,28.6,10,57,Colombia,Secundaria
818,0,0.0,0,0,Colombia,Secundaria
819,2,25.5,6,32,Otros,FP
820,3,9.3,9,53,España,Universidad
821,6,50.1,18,113,México,Universidad
822,6,66.0,6,39,Otros,Secundaria
823,3,30.3,6,33,México,Universidad
824,0,0.0,0,0,México,FP
825,5,33.3,15,93,España,FP
826,4,14.4,12,73,Otros,Universidad
827,1,3.4,1,6,Colombia,Universidad
828,2,12.5,2,13,Argentina,FP
829,2,18.5,6,46,España,FP
830,0,0.0,0,0,Colombia,Universidad
831,1,14.2,2,14,Argentina,Universidad
832,6,83.3,12,69,España,Universidad
833,4,58.1,8,56,Otros,Universidad
834,0,0.0,0,0,Otros,FP
835,4,41.4,8,48,España,Universidad
836,3,15.7,3,16,Colombia,FP
837,1,9.6,3,16,Otros,FP
838,4,31.4,4,24,Colombia,Secundaria
839,3,25.0,3,16,España,Universidad
840,6,85.3,12,80,Colombia,Universidad
841,0,0.0,0,0,Colombia,Secundaria
842,4,49.0,8,62,España,Secundaria
843,3,20.1,9,59,Colombia,Universidad
844,4,23.8,8,54,España,Secundaria
845,6,42.8,18,121,Colombia,FP
846,3,42.0,3,17,Otros,Secundaria
847,0,0.0,0,0,España,Secundaria
848,0,0.0,0,0,Argentina,FP
849,6,64.6,18,101,México,FP
850,6,31.8,6,30,Argentina,Universidad
851,4,27.2,8,46,España,Secundaria
852,0,0.0,0,0,México,Secundaria
853,4,56.7,8,47,Colombia,Secundaria
854,4,51.0,4,22,España,FP
855,6,53.6,18,105,Colombia,Universidad
856,0,0.0,0,0,Colombia,Universidad
857,0,0.0,0,0,Otros,FP
858,6,42.1,12,91,Colombia,FP
859,2,10.6,4,28,Colombia,FP
860,3,14.0,3,17,España,Secundaria
861,4,35.3,8,61,México,Secundaria
862,0,0.0,0,0,España,Secundaria
863,6,54.4,18,121,México,Universidad
864,4,40.0,4,28,Colombia,FP
865,6,15.8,18,104,España,Universidad
866,1,9.1,3,19,Otros,Secundaria
867,1,4.5,3,16,Otros,Universidad
868,6,60.4,6,31,Argentina,FP
869,3,26.6,3,20,Otros,FP
870,0,0.0,0,0,Otros,FP
871,6,22.7,6,43,Argentina,Universidad
872,6,32.6,18,129,España,FP
873,5,44.9,15,115,España,Universidad
874,3,7.1,3,21,México,Universidad
875,1,11.2,1,7,México,Universidad
876,1,10.2,3,22,Otros,Secundaria
877,4,36.7,8,45,México,FP
878,5,67.6,10,73,Argentina,Universidad
879,1,14.5,2,13,España,Universidad
880,4,26.6,8,42,Argentina,Universidad
881,0,0.0,0,0,México,Universidad
882,3,24.4,3,17,España,Universidad
883,3,8.4,6,36,Argentina,Universidad
884,5,39.7,10,74,Argentina,Secundaria
885,4,51.5,8,63,Argentina,Universidad
886,4,21.5,8,60,Otros,FP
887,2,17.0,4,29,México,Universidad
888,6,18.7,12,94,Argentina,FP
889,2,18.9,6,38,Otros,Secundaria
890,0,0.0,0,0,España,Universidad
891,4,35.5,8,42,Colombia,FP
892,6,40.8,18,95,Argentina,FP
893,0,0.0,0,0,México,Universidad
894,2,9.1,2,11,España,FP
895,6,13.7,12,88,España,Universidad
896,2,6.3,6,46,España,Universidad
897,6,19.6,6,34,México,Secundaria
898,3,8.9,6,36,Argentina,Secundaria
899,5,42.7,15,76,Otros,FP
900,1,10.4,3,22,México,Secundaria
901,3,41.8,3,21,Argentina,FP
902,0,0.0,0,0,México,Secundaria
903,5,63.7,15,117,Colombia,FP
904,2,12.8,2,15,México,FP
905,5,12.1,5,25,Argentina,Secundaria
906,6,62.2,12,80,Otros,Secundaria
907,1,9.9,2,15,Colombia,Secundaria
908,0,0.0,0,0,Otros,FP
909,6,70.9,18,128,Argentina,Secundaria
910,6,32.2,6,44,México,Universidad
911,0,0.0,0,0,Argentina,Universidad
912,1,10.1,1,6,Otros,Universidad
913,0,0.0,0,0,México,Universidad
914,5,40.9,10,75,México,FP
915,4,15.2,8,61,México,Secundaria
916,3,11.8,3,17,Colombia,Universidad
917,2,10.3,4,29,México,Universidad
918,2,5.8,6,39,Colombia,Secundaria
919,1,12.8,1,5,México,FP
920,6,61.2,6,43,España,Universidad
921,6,76.9,12,83,Argentina,FP
922,1,10.4,2,10,Otros,Universidad
923,2,14.0,6,36,España,Secundaria
924,3,22.1,9,65,Argentina,FP
925,1,5.6,3,16,México,FP
926,6,52.9,6,35,México,Secundaria
927,6,18.1,18,100,México,Universidad
928,6,69.9,12,78,Colombia,FP
929,0,0.0,0,0,España,FP
930,5,14.2,5,37,Otros,Universidad
931,0,0.0,0,0,Argentina,Secundaria
932,5,63.2,10,74,Colombia,Secundaria
933,1,5.5,3,17,México,Secundaria
934,5,71.0,15,88,Otros,FP
935,1,4.9,1,7,Colombia,Universidad
936,5,72.6,15,99,Colombia,Universidad
937,6,68.7,18,115,Otros,FP
938,5,35.1,15,112,Otros,FP
939,4,44.4,12,63,México,Secundaria
940,6,81.1,18,134,Otros,Secundaria
941,5,28.9,10,61,México,FP
942,1,3.7,1,7,México,FP
943,4,17.3,8,63,España,Universidad
944,4,47.2,4,25,Argentina,Universidad
945,3,12.6,9,52,España,Secundaria
946,2,6.2,6,47,Otros,FP
947,5,64.4,10,68,Colombia,FP
948,6,53.2,12,79,España,Universidad
949,3,38.0,9,66,Otros,Secundaria
950,1,11.3,2,10,España,Universidad
951,0,0.0,0,0,México,Universidad
952,6,68.5,18,114,México,FP
953,1,2.6,1,6,México,Secundaria
954,6,24.4,6,33,Otros,Secundaria
955,3,9.1,3,20,Colombia,Secundaria
956,5,70.8,5,36,México,FP
957,5,39.7,5,37,Colombia,FP
958,3,29.5,6,35,España,Secundaria
959,3,40.3,3,18,Otros,Secundaria
960,5,53.8,15,118,México,FP
961,0,0.0,0,0,Otros,FP
962,4,28.2,12,86,México,FP
963,1,6.9,2,13,Colombia,Secundaria
964,1,2.9,2,10,Otros,Secundaria
965,2,26.8,2,15,México,FP
966,2,15.7,6,46,México,FP
967,0,0.0,0,0,Colombia,Universidad
968,2,5.0,6,44,Argentina,FP
969,1,11.0,1,7,México,Secundaria
970,4,19.4,12,89,Colombia,FP
971,6,54.0,6,39,Otros,FP
972,0,0.0,0,0,México,Secundaria
973,1,4.8,1,6,Argentina,Secundaria
974,0,0.0,0,0,Argentina,Universidad
975,5,29.0,10,67,México,FP
976,1,8.4,2,15,México,FP
977,5,49.6,5,34,Colombia,Secundaria
978,5,63.2,15,105,Colombia,Universidad
979,2,10.2,6,35,España,Universidad
980,4,59.1,4,30,Otros,FP
981,1,11.2,3,17,España,FP
982,0,0.0,0,0,México,FP
983,6,33.6,6,34,Colombia,Universidad
984,2,21.3,6,33,México,Secundaria
985,4,25.9,4,20,Argentina,Secundaria
986,6,71.4,12,91,México,Secundaria
987,1,14.3,2,13,Colombia,Secundaria
988,5,35.8,5,39,México,Secundaria
989,2,12.9,4,26,Otros,FP
990,3,44.7,3,19,España,FP
991,5,51.6,5,37,Colombia,Universidad
992,1,8.5,3,16,México,Secundaria
993,0,0.0,0,0,Colombia,FP
994,0,0.0,0,0,España,Universidad
995,5,13.4,15,80,Colombia,Secundaria
996,6,27.1,18,90,Otros,FP
997,2,4.5,6,39,Otros,Universidad
998,5,50.2,10,79,Argentina,Universidad
999,5,39.9,15,101,Argentina,FP
1000,0,0.0,0,0,Colombia,FP
1001,5,65.2,15,79,México,FP
1002,4,58.3,4,21,España,FP
1003,4,36.5,12,92,Otros,Secundaria
1004,6,81.5,6,42,México,FP
1005,2,27.9,2,10,México,FP
1006,3,36.0,6,32,Argentina,Universidad
1007,0,0.0,0,0,México,Secundaria
1008,1,9.5,3,18,España,Universidad
1009,2,4.8,6,37,Argentina,FP
1010,1,14.3,3,21,México,Secundaria
1011,2,17.7,4,25,México,Universidad
1012,0,0.0,0,0,México,Secundaria
1013,3,43.6,3,16,España,Secundaria
1014,3,36.6,3,16,Otros,FP
1015,4,25.2,4,23,España,Universidad
1016,1,10.4,3,17,España,Universidad
1017,4,11.0,4,28,España,Secundaria
1018,2,18.9,2,15,España,FP
1019,1,6.2,1,7,Colombia,Secundaria
1020,0,0.0,0,0,Otros,Universidad
1021,2,9.6,6,32,México,Universidad
1022,4,42.3,8,40,España,FP
1023,4,38.7,8,48,México,Universidad
1024,1,9.7,3,22,Argentina,Universidad
1025,2,8.2,2,14,México,FP
1026,4,22.5,12,85,México,Secundaria
1027,3,12.7,3,21,Otros,Secundaria
1028,6,77.1,18,96,Colombia,FP
1029,5,53.1,10,71,México,FP
1030,1,3.6,3,23,Argentina,FP
1031,1,2.0,3,17,Argentina,FP
1032,3,25.1,9,62,Otros,Secundaria
1033,1,5.8,2,15,Argentina,FP
1034,6,76.0,6,33,España,Secundaria
1035,2,12.0,2,10,México,Secundaria
1036,3,14.1,3,16,Argentina,Secundaria
1037,4,33.8,12,79,Argentina,FP
1038,5,44.8,10,55,España,FP
1039,3,41.5,3,19,México,FP
1040,1,7.6,1,5,México,Universidad
1041,4,19.8,8,54,Colombia,Secundaria
1042,5,14.6,15,106,España,Universidad
1043,4,31.9,8,50,Argentina,Secundaria
1044,2,13.1,4,29,España,Universidad
1045,0,0.0,0,0,México,Universidad
1046,2,26.3,4,29,España,FP
1047,6,38.5,18,110,Otros,Secundaria
1048,2,13.6,2,12,Argentina,Secundaria
1049,2,29.0,2,11,Colombia,Secundaria
1050,6,36.4,12,95,México,Secundaria
1051,5,67.6,15,84,Colombia,Secundaria
1052,3,34.4,9,54,Colombia,FP
1053,0,0.0,0,0,Otros,Secundaria
1054,6,16.4,18,113,Otros,Universidad
1055,6,13.6,18,91,Argentina,Universidad
1056,0,0.0,0,0,Argentina,Secundaria
1057,6,81.8,6,31,España,FP
1058,0,0.0,0,0,España,Secundaria
1059,3,28.9,3,15,España,FP
1060,5,66.7,5,33,Colombia,FP
1061,1,2.2,2,13,Argentina,Universidad
1062,1,12.7,2,15,Colombia,Secundaria
1063,2,11.5,2,15,Argentina,Secundaria
1064,3,27.5,3,21,Argentina,Universidad
1065,5,26.9,5,26,Otros,Secundaria
1066,6,67.8,6,47,España,FP
1067,2,9.6,4,24,España,Secundaria
1068,5,30.3,10,68,España,FP
1069,0,0.0,0,0,Colombia,Secundaria
1070,3,39.5,6,38,México,Secundaria
1071,1,5.0,1,6,Argentina,FP
1072,1,7.4,2,15,Otros,Universidad
1073,2,15.4,6,47,España,FP
1074,1,5.7,2,15,España,FP
1075,1,14.6,3,18,Argentina,Universidad
1076,2,14.1,6,45,España,Secundaria
1077,0,0.0,0,0,Colombia,Universidad
1078,1,5.7,2,11,Argentina,Secundaria
1079,3,26.3,9,60,México,FP
1080,0,0.0,0,0,Colombia,FP
1081,1,3.3,2,12,España,Universidad
1082,4,41.0,4,27,España,Secundaria
1083,3,38.5,6,31,Colombia,Universidad
1084,1,3.7,2,12,México,Universidad
1085,5,22.3,5,25,Colombia,FP
1086,5,24.7,10,56,España,Universidad
1087,6,20.0,6,39,México,Universidad
1088,0,0.0,0,0,España,FP
1089,0,0.0,0,0,México,Secundaria
1090,0,0.0,0,0,Colombia,Secundaria
1091,1,6.8,1,5,Otros,FP
1092,0,0.0,0,0,Argentina,Secundaria
1093,5,53.6,15,77,México,FP
1094,6,67.3,6,44,Colombia,Secundaria
1095,4,43.6,8,50,España,Universidad
1096,4,21.2,12,81,Otros,Universidad
1097,3,23.1,3,19,Argentina,Universidad
1098,3,18.4,3,19,México,Secundaria
1099,3,13.4,6,38,México,Secundaria
1100,0,0.0,0,0,Colombia,Universidad
1101,6,55.2,12,60,Otros,FP
1102,6,28.3,12,75,España,Secundaria
1103,4,34.5,8,54,Colombia,FP
1104,2,5.5,6,46,Otros,Universidad
1105,3,29.2,3,21,Otros,Universidad
1106,0,0.0,0,0,Argentina,Secundaria
1107,0,0.0,0,0,Argentina,Secundaria
1108,2,8.9,2,11,Colombia,Secundaria
1109,4,19.4,8,43,Colombia,FP
1110,6,27.9,12,71,Otros,Universidad
1111,2,20.1,4,23,Otros,Secundaria
1112,4,32.0,8,45,Otros,FP
1113,4,33.5,8,63,España,FP
1114,0,0.0,0,0,Argentina,FP
1115,4,25.3,8,45,Argentina,FP
1116,2,29.5,2,12,México,Secundaria
1117,0,0.0,0,0,España,Universidad
1118,6,62.0,18,143,España,Universidad
1119,2,12.4,4,31,México,Universidad
1120,1,11.2,2,13,Argentina,Universidad
1121,4,34.9,8,61,Argentina,FP
1122,2,8.4,6,32,España,Universidad
1123,6,45.4,18,99,Otros,Secundaria
1124,6,74.2,12,76,Otros,Secundaria
1125,4,26.4,12,91,Otros,Universidad
1126,2,6.6,2,11,México,Universidad
1127,5,31.5,5,25,Colombia,Secundaria
1128,0,0.0,0,0,Colombia,Universidad
1129,0,0.0,0,0,México,FP
1130,4,9.9,8,47,México,Secundaria
1131,3,18.1,6,34,Colombia,FP
1132,1,9.3,3,18,España,Universidad
1133,0,0.0,0,0,Colombia,Universidad
1134,0,0.0,0,0,Colombia,FP
1135,4,50.8,8,59,Otros,Secundaria
1136,3,26.5,3,23,España,Secundaria
1137,1,7.2,3,22,España,Secundaria
1138,1,9.9,2,10,Colombia,Universidad
1139,5,59.1,10,53,México,Universidad
1140,5,11.1,15,119,Otros,Universidad
1141,2,11.7,2,13,México,Secundaria
1142,6,13.3,18,114,México,Universidad
1143,5,32.9,15,96,Argentina,Secundaria
1144,3,33.0,3,20,México,FP
1145,1,8.6,3,21,Argentina,FP
1146,4,58.4,4,31,México,FP
1147,2,7.3,4,26,Colombia,Secundaria
1148,0,0.0,0,0,México,FP
1149,4,9.1,12,92,Argentina,FP
1150,4,16.7,12,74,Argentina,Universidad
1151,3,44.0,9,54,Argentina,Universidad
1152,1,9.2,3,20,México,Secundaria
1153,2,23.3,2,11,Colombia,FP
1154,2,4.7,6,37,Otros,Secundaria
1155,4,54.7,4,28,Argentina,Secundaria
1156,2,28.8,6,33,España,FP
1157,3,33.1,3,22,Otros,Secundaria
1158,4,28.7,12,75,México,FP
1159,1,11.4,3,15,Colombia,Universidad
1160,6,46.7,6,47,México,FP
1161,3,18.7,9,51,Argentina,Secundaria
1162,5,21.6,5,35,España,Secundaria
1163,4,34.6,12,95,España,FP
1164,2,10.4,2,10,Argentina,Universidad
1165,4,11.4,4,21,México,Secundaria
1166,1,14.9,3,16,España,Secundaria
1167,3,14.3,6,39,Colombia,Secundaria
1168,1,5.3,1,7,Colombia,FP
1169,1,9.4,2,15,Otros,FP
1170,6,46.1,18,110,Colombia,FP
1171,6,25.9,18,135,Argentina,FP
1172,5,61.7,5,38,Argentina,FP
1173,1,3.3,1,5,Colombia,FP
1174,2,12.7,2,12,México,FP
1175,4,33.9,8,43,España,Secundaria
1176,5,66.1,5,32,Colombia,FP
1177,2,26.4,6,35,México,Universidad
1178,6,81.3,6,44,Argentina,Universidad
1179,3,29.0,3,16,México,Secundaria
1180,1,3.3,2,14,México,Universidad
1181,3,14.8,6,30,España,Universidad
1182,2,12.0,2,14,Argentina,Secundaria
1183,1,3.6,2,14,México,FP
1184,0,0.0,0,0,Argentina,Secundaria
1185,6,39.6,18,114,Otros,FP
1186,3,20.4,9,57,Argentina,Universidad
1187,3,32.3,3,19,Otros,Secundaria
1188,1,13.2,2,10,España,FP
1189,1,5.5,1,6,México,Secundaria
1190,3,11.1,9,69,Colombia,Universidad
1191,1,8.7,1,7,Argentina,Secundaria
1192,4,57.8,8,44,Otros,FP
1193,1,4.2,1,7,Argentina,Secundaria
1194,6,25.8,12,77,España,Universidad
1195,5,43.8,5,29,México,Secundaria
1196,1,9.7,3,15,México,Universidad
1197,1,5.5,3,19,España,FP
1198,2,12.7,2,10,España,Secundaria
1199,4,49.5,8,44,Otros,FP
1200,4,51.8,4,30,Argentina,FP
1201,4,43.3,8,59,España,Universidad
1202,2,27.3,4,24,España,FP
1203,2,9.9,6,43,España,Universidad
1204,2,9.2,6,36,Otros,Universidad
1205,3,11.0,6,46,España,Secundaria
1206,0,0.0,0,0,España,Secundaria
1207,5,46.1,15,104,México,Universidad
1208,5,22.1,5,26,Otros,FP
1209,0,0.0,0,0,Colombia,FP
1210,1,12.1,1,5,Argentina,Secundaria
1211,6,20.6,6,44,Colombia,FP
1212,4,31.0,4,25,Argentina,Universidad
1213,1,12.9,3,17,España,Secundaria
1214,5,16.2,15,89,México,Universidad
1215,0,0.0,0,0,España,Universidad
1216,1,8.2,3,23,Otros,Secundaria
1217,0,0.0,0,0,Otros,Secundaria
1218,4,12.6,12,78,Otros,Secundaria
1219,5,73.6,5,25,Colombia,Universidad
1220,0,0.0,0,0,México,FP
1221,2,5.7,6,40,Otros,Secundaria
1222,6,84.7,18,133,Otros,FP
1223,5,42.5,10,56,Argentina,Secundaria
1224,3,36.1,9,52,Argentina,FP
1225,5,63.3,5,38,Argentina,Secundaria
1226,0,0.0,0,0,México,Secundaria
1227,6,77.8,18,111,México,Secundaria
1228,6,51.3,18,119,México,Universidad
1229,2,24.1,6,47,Argentina,Secundaria
1230,4,19.6,12,86,España,Universidad
1231,6,57.4,18,106,Otros,FP
1232,3,15.8,6,41,México,Secundaria
1233,3,15.2,6,38,Otros,Secundaria
1234,0,0.0,0,0,Otros,Secundaria
1235,3,32.7,3,18,Otros,Secundaria
1236,4,30.5,4,28,Colombia,Secundaria
1237,6,15.1,12,86,México,Universidad
1238,1,11.5,3,15,Argentina,Universidad
1239,2,15.1,6,46,Otros,Secundaria
1240,1,9.4,2,11,Otros,FP
1241,3,22.1,6,46,Otros,Secundaria
1242,3,8.6,3,21,Argentina,FP
1243,4,22.4,12,86,España,Universidad
1244,6,26.3,6,31,Colombia,Secundaria
1245,0,0.0,0,0,Otros,FP
1246,4,39.4,12,67,Otros,Universidad
1247,6,56.0,12,81,México,Secundaria
1248,4,16.5,8,52,Argentina,FP
1249,2,22.8,4,22,México,Universidad
1250,1,7.9,1,5,Otros,Secundaria
1251,3,34.7,6,46,México,FP
1252,4,38.6,4,24,España,FP
1253,1,2.1,2,10,Otros,Universidad
1254,6,39.7,12,82,Argentina,Secundaria
1255,2,11.7,4,31,España,FP
1256,2,8.6,6,42,Colombia,Secundaria
1257,4,45.9,4,26,Argentina,FP
1258,0,0.0,0,0,Otros,FP
1259,6,83.6,6,46,España,FP
1260,2,22.3,6,30,México,Universidad
1261,2,23.8,6,46,Argentina,Universidad
1262,2,17.0,6,46,España,Secundaria
1263,3,29.1,6,46,Argentina,FP
1264,1,14.3,2,14,México,FP
1265,0,0.0,0,0,España,Secundaria
1266,1,6.7,2,12,Otros,Universidad
1267,4,32.8,4,24,Colombia,FP
1268,5,65.6,5,37,México,Universidad
1269,0,0.0,0,0,Colombia,Universidad
1270,2,24.5,6,42,España,Secundaria
1271,4,59.9,8,49,Argentina,Universidad
1272,0,0.0,0,0,México,FP
1273,6,26.4,6,44,Argentina,Secundaria
1274,3,6.6,3,23,Otros,Universidad
1275,0,0.0,0,0,Otros,FP
1276,1,3.3,2,10,Otros,Universidad
1277,1,4.7,3,16,España,Universidad
1278,6,35.4,6,43,España,Universidad
1279,0,0.0,0,0,Argentina,Secundaria
1280,2,18.6,4,25,España,Secundaria
1281,6,24.9,6,41,España,Universidad
1282,1,4.5,1,6,México,Universidad
1283,1,4.6,3,20,México,Secundaria
1284,6,60.1,6,34,Colombia,FP
1285,6,88.1,6,37,Otros,FP
1286,0,0.0,0,0,Colombia,Universidad
1287,0,0.0,0,0,México,FP
1288,6,51.0,6,40,Colombia,Universidad
1289,0,0.0,0,0,Colombia,Secundaria
1290,4,53.2,8,44,Argentina,FP
1291,4,31.2,8,61,México,FP
1292,2,28.5,4,22,Otros,FP
1293,1,5.4,2,12,Colombia,Secundaria
1294,6,82.9,12,83,Otros,Secundaria
1295,0,0.0,0,0,Colombia,FP
1296,4,31.4,8,55,Otros,Universidad
1297,1,9.2,3,23,España,FP
1298,3,25.5,3,19,Argentina,Universidad
1299,1,3.6,3,17,Otros,Universidad
1300,2,10.1,6,43,España,FP
1301,6,61.9,18,141,Colombia,Universidad
1302,2,6.3,6,35,México,Universidad
1303,2,22.9,4,24,España,FP
1304,6,76.1,12,60,Argentina,Universidad
1305,6,69.0,18,110,México,FP
1306,6,36.3,12,77,Argentina,Secundaria
1307,1,4.8,1,5,México,Secundaria
1308,4,30.7,8,45,España,Secundaria
1309,2,26.6,2,14,Colombia,Universidad
1310,5,60.7,5,29,España,Secundaria
1311,2,20.3,6,40,Colombia,FP
1312,2,29.4,2,10,Argentina,Universidad
1313,1,4.0,1,7,España,FP
1314,4,25.0,12,90,Otros,Universidad
1315,6,89.3,6,37,Otros,FP
1316,4,41.2,8,48,Otros,Secundaria
1317,6,13.4,6,40,Argentina,Universidad
1318,4,34.0,4,20,Otros,Universidad
1319,4,30.5,8,59,Otros,FP
1320,0,0.0,0,0,Argentina,FP
1321,3,44.8,6,41,Colombia,FP
1322,5,35.9,5,27,España,Secundaria
1323,3,18.2,6,46,México,Secundaria
1324,6,12.3,18,103,Argentina,Universidad
1325,5,42.8,5,30,Argentina,FP
1326,1,13.0,3,16,Argentina,FP
1327,5,14.6,5,39,Otros,Universidad
1328,0,0.0,0,0,España,FP
1329,3,12.3,9,60,Otros,Secundaria
1330,6,82.0,6,42,Colombia,FP
1331,5,73.1,5,28,Colombia,Universidad
1332,5,52.5,10,52,México,FP
1333,3,41.3,6,41,España,Secundaria
1334,4,52.4,12,74,Otros,Universidad
1335,2,15.5,4,23,Otros,Secundaria
1336,3,36.4,6,44,México,Secundaria
1337,0,0.0,0,0,Colombia,FP
1338,2,8.5,2,12,México,Universidad
1339,3,19.3,6,34,Argentina,Secundaria
1340,3,12.4,3,16,Argentina,Secundaria
1341,2,28.3,6,34,Argentina,Universidad
1342,1,10.4,3,16,España,Universidad
1343,1,12.1,3,15,Otros,Secundaria
1344,0,0.0,0,0,Argentina,Secundaria
1345,0,0.0,0,0,Colombia,Universidad
1346,1,7.1,2,12,México,Secundaria
1347,3,15.0,3,23,México,Secundaria
1348,5,21.2,5,25,México,Secundaria
1349,5,67.2,5,31,Colombia,Universidad
1350,5,29.6,15,88,Colombia,Universidad
1351,0,0.0,0,0,Argentina,FP
1352,5,43.6,5,28,Argentina,Universidad
1353,1,4.9,2,12,México,Universidad
1354,1,4.6,1,7,México,Universidad
1355,1,5.0,2,14,Argentina,Secundaria
1356,5,28.4,5,34,Otros,FP
1357,3,33.9,9,46,España,Universidad
1358,4,41.6,12,90,México,Universidad
1359,2,27.2,2,12,España,FP
1360,1,3.3,1,7,España,Universidad
1361,6,35.8,18,103,Otros,Secundaria
1362,6,84.8,6,42,México,Secundaria
1363,5,73.8,10,61,Argentina,FP
1364,2,6.7,6,31,Argentina,Universidad
1365,6,65.5,18,138,España,Universidad
1366,1,10.6,1,5,México,Secundaria
1367,1,7.7,2,11,Colombia,Universidad
1368,4,39.2,4,29,Argentina,FP
1369,1,6.6,2,11,Argentina,FP
1370,2,13.0,2,15,México,Universidad
1371,3,20.2,6,45,España,Universidad
1372,5,30.7,5,31,España,FP
1373,3,41.2,6,44,México,FP
1374,5,47.0,10,52,Colombia,Universidad
1375,2,23.5,4,31,Argentina,Universidad
1376,1,4.0,2,14,Argentina,Universidad
1377,5,22.3,15,103,México,Secundaria
1378,4,32.7,4,28,Argentina,FP
1379,6,72.9,12,66,Argentina,Secundaria
1380,5,23.0,15,98,Otros,Universidad
1381,2,25.4,4,21,Colombia,FP
1382,3,32.2,6,38,Colombia,FP
1383,2,7.1,4,22,Colombia,Secundaria
1384,1,14.1,2,12,México,Universidad
1385,6,69.2,18,110,Colombia,Universidad
1386,1,12.4,1,6,México,FP
1387,1,2.5,2,14,Otros,Universidad
1388,2,19.8,4,22,Colombia,FP
1389,2,19.7,4,20,Argentina,Universidad
1390,5,35.0,5,30,Colombia,Universidad
1391,3,30.2,3,20,México,Universidad
1392,4,58.8,8,46,España,Universidad
1393,4,34.8,8,45,Otros,Secundaria
1394,4,22.3,4,30,Colombia,Universidad
1395,2,13.6,4,30,Colombia,Secundaria
1396,3,21.4,9,60,México,Universidad
1397,0,0.0,0,0,México,FP
1398,2,17.3,4,23,México,Secundaria
1399,0,0.0,0,0,Argentina,Secundaria
1400,5,59.5,10,53,México,FP
1401,0,0.0,0,0,Otros,FP
1402,4,44.7,4,23,España,Universidad
1403,4,39.1,12,76,Colombia,FP
1404,5,34.5,15,100,México,Secundaria
1405,5,39.7,10,77,Argentina,Secundaria
1406,2,24.2,6,32,Argentina,Universidad
1407,3,34.4,9,64,España,Secundaria
1408,1,12.1,3,16,Colombia,FP
1409,2,16.6,6,32,Colombia,Secundaria
1410,1,10.4,1,6,Argentina,FP
1411,4,38.0,12,65,México,Universidad
1412,3,20.0,3,19,Otros,Universidad
1413,1,8.7,2,12,España,Secundaria
1414,4,54.3,12,62,España,Secundaria
1415,4,59.6,12,68,España,Secundaria
1416,1,3.6,3,21,Otros,FP
1417,0,0.0,0,0,Colombia,FP
1418,2,20.9,2,12,España,Universidad
1419,5,72.7,10,56,Colombia,Universidad
1420,1,8.9,3,17,México,Secundaria
1421,4,9.9,12,89,Otros,Secundaria
1422,0,0.0,0,0,Argentina,FP
1423,1,10.6,3,22,Colombia,FP
1424,0,0.0,0,0,México,FP
1425,6,83.3,18,109,España,FP
1426,4,30.9,4,22,México,FP
1427,1,10.7,2,14,Otros,FP
1428,0,0.0,0,0,Otros,Secundaria
1429,1,9.7,1,6,México,Secundaria
1430,5,63.8,5,29,España,Universidad
1431,3,37.0,6,37,México,Secundaria
1432,2,17.6,6,31,España,FP
1433,4,41.2,8,42,Colombia,FP
1434,2,10.3,6,42,México,FP
1435,6,84.3,18,129,Otros,FP
1436,0,0.0,0,0,España,Secundaria
1437,6,83.3,12,86,Colombia,Universidad
1438,4,20.8,4,29,España,FP
1439,4,54.3,8,49,Argentina,Universidad
1440,3,29.0,6,40,Otros,FP
1441,6,54.2,12,74,Argentina,Secundaria
1442,3,38.5,6,40,Argentina,Universidad
1443,5,16.1,15,105,Colombia,Universidad
1444,5,36.4,10,74,Otros,FP
1445,0,0.0,0,0,Argentina,Secundaria
1446,0,0.0,0,0,Colombia,Secundaria
1447,2,11.9,4,27,España,FP
1448,4,56.5,8,63,México,FP
1449,1,6.1,2,10,España,Secundaria
1450,1,9.3,1,6,México,Universidad
1451,6,57.9,18,101,Colombia,FP
1452,4,43.4,12,64,México,Universidad
1453,2,5.7,2,14,Colombia,Universidad
1454,6,46.0,6,37,Otros,FP
1455,1,6.7,3,20,México,FP
1456,1,5.5,2,15,Argentina,Universidad
1457,3,9.4,9,51,Otros,FP
1458,3,37.2,3,19,México,Secundaria
1459,2,14.6,6,32,Otros,Secundaria
1460,1,12.3,1,5,Colombia,Universidad
1461,4,11.7,12,66,España,FP
1462,1,3.2,3,21,México,Universidad
1463,0,0.0,0,0,México,Universidad
1464,0,0.0,0,0,Colombia,FP
1465,3,33.5,9,71,España,Secundaria
1466,3,38.9,9,51,Argentina,Universidad
1467,5,67.9,15,88,Otros,FP
1468,4,22.3,4,31,Colombia,Secundaria
1469,5,42.4,10,62,México,Secundaria
1470,5,73.8,15,89,Otros,Universidad
1471,3,15.6,6,47,Otros,Secundaria
1472,0,0.0,0,0,México,Secundaria
1473,5,41.1,5,28,México,FP
1474,3,27.7,9,70,España,Secundaria
1475,4,9.7,12,86,México,FP
1476,6,64.3,12,85,Colombia,Universidad
1477,1,5.3,3,15,Colombia,Secundaria
1478,2,10.6,2,14,Argentina,FP
1479,6,67.6,6,39,Colombia,FP
1480,0,0.0,0,0,Colombia,Secundaria
1481,4,15.4,12,83,España,FP
1482,5,69.0,10,69,Otros,FP
1483,2,20.4,6,43,Argentina,FP
1484,0,0.0,0,0,Argentina,Universidad
1485,4,11.3,4,28,México,Universidad
1486,6,54.6,6,44,México,Universidad
1487,6,20.8,6,37,México,FP
1488,5,25.4,5,39,Otros,Universidad
1489,5,51.8,15,98,Colombia,FP
1490,5,12.5,10,57,Otros,FP
1491,1,13.7,3,22,Argentina,FP
1492,0,0.0,0,0,Otros,FP
1493,3,15.9,6,30,España,Universidad
1494,4,24.1,12,60,Argentina,Universidad
1495,0,0.0,0,0,Argentina,FP
1496,5,64.8,15,118,Colombia,Universidad
1497,0,0.0,0,0,Colombia,Secundaria
1498,6,70.5,12,70,Colombia,Universidad
1499,3,18.1,9,52,Argentina,FP
1500,3,34.6,9,59,Colombia,Universidad
1501,4,38.7,12,83,México,FP
1502,1,14.5,3,16,Argentina,Universidad
1503,2,12.9,2,13,México,Universidad
1504,6,89.7,6,44,Otros,Universidad
1505,5,13.1,5,33,Argentina,FP
1506,5,61.8,5,29,México,FP
1507,6,37.7,6,44,México,Universidad
1508,3,13.0,9,70,Argentina,FP
1509,3,34.3,3,20,Colombia,Secundaria
1510,0,0.0,0,0,Otros,FP
1511,6,24.6,12,81,México,Secundaria
1512,2,27.2,2,10,España,Universidad
1513,0,0.0,0,0,España,Secundaria
1514,3,32.0,9,54,Argentina,Secundaria
1515,1,7.2,2,12,Argentina,Universidad
1516,1,5.9,3,17,Colombia,Universidad
1517,5,64.7,5,26,México,Universidad
1518,1,10.1,2,10,Otros,FP
1519,5,34.8,5,31,España,FP
1520,0,0.0,0,0,México,FP
1521,1,5.4,2,10,Argentina,FP
1522,6,83.7,6,30,Otros,Universidad
1523,3,9.0,6,38,Colombia,Secundaria
1524,1,6.5,3,15,España,Universidad
1525,4,39.9,8,52,España,Secundaria
1526,1,13.6,2,13,Argentina,Universidad
1527,2,9.7,4,20,Otros,Secundaria
1528,4,22.9,12,79,México,FP
1529,4,54.1,8,49,Otros,FP
1530,2,11.6,6,35,Argentina,Secundaria
1531,3,25.8,3,21,Colombia,Universidad
1532,5,23.8,15,75,Argentina,FP
1533,2,22.8,6,47,Otros,Universidad
1534,4,21.5,8,50,Colombia,Secundaria
1535,4,23.9,8,50,Otros,FP
1536,4,45.1,8,48,México,Secundaria
1537,2,25.1,6,30,Argentina,Universidad
1538,4,51.2,8,63,Argentina,Secundaria
1539,2,23.6,4,26,España,FP
1540,0,0.0,0,0,España,FP
1541,5,38.4,5,25,Colombia,Secundaria
1542,0,0.0,0,0,México,Universidad
1543,2,27.4,4,25,México,Universidad
1544,2,5.1,2,15,España,Secundaria
1545,6,16.3,18,93,España,FP
1546,2,19.6,6,35,México,Universidad
1547,2,18.7,4,30,Colombia,Secundaria
1548,2,29.2,4,30,México,Universidad
1549,6,88.0,18,132,Otros,FP
1550,1,12.6,1,5,México,Secundaria
1551,2,19.6,4,23,México,Secundaria
1552,3,42.9,9,62,México,FP
1553,1,2.9,3,19,México,Secundaria
1554,1,2.8,2,14,Otros,Secundaria
1555,6,50.0,18,110,México,FP
1556,0,0.0,0,0,Argentina,FP
1557,0,0.0,0,0,España,Secundaria
1558,0,0.0,0,0,México,FP
1559,6,34.3,12,64,España,FP
1560,0,0.0,0,0,México,FP
1561,6,37.1,18,103,España,FP
1562,6,89.7,18,127,México,FP
1563,6,77.4,12,87,Colombia,Universidad
1564,6,31.3,6,41,México,Universidad
1565,5,13.3,5,30,Otros,FP
1566,0,0.0,0,0,Otros,Secundaria
1567,3,6.4,3,16,Otros,Secundaria
1568,3,6.1,9,45,Colombia,FP
1569,3,28.7,9,65,México,Secundaria
1570,3,8.0,3,23,Argentina,Universidad
1571,3,23.7,3,21,México,Universidad
1572,3,34.9,6,41,Argentina,Secundaria
1573,1,4.8,2,14,México,Secundaria
1574,3,20.5,6,38,Argentina,Universidad
1575,5,35.6,5,33,Argentina,FP
1576,1,5.4,3,16,Colombia,Universidad
1577,0,0.0,0,0,México,Secundaria
1578,0,0.0,0,0,España,FP
1579,3,29.6,6,30,Argentina,Secundaria
1580,3,38.2,9,64,Otros,Secundaria
1581,0,0.0,0,0,México,Universidad
1582,2,9.5,2,14,Argentina,FP
1583,2,4.5,4,26,Argentina,Universidad
1584,2,14.1,2,15,México,Universidad
1585,6,28.9,18,118,España,FP
1586,1,4.8,3,23,España,FP
1587,4,48.7,8,51,Argentina,Universidad
1588,6,65.3,18,107,México,Secundaria
1589,3,20.7,3,23,España,Universidad
1590,6,53.8,18,92,España,Universidad
1591,0,0.0,0,0,España,Universidad
1592,1,5.4,1,5,México,Secundaria
1593,4,12.5,8,60,México,Secundaria
1594,4,51.3,4,26,España,Universidad
1595,4,44.9,8,59,Otros,FP
1596,2,22.6,4,23,México,FP
1597,1,5.9,3,16,Otros,Secundaria
1598,2,8.0,6,40,México,Secundaria
1599,2,26.1,2,11,España,Secundaria
1600,1,10.9,1,5,Argentina,Secundaria
1601,1,9.9,3,22,Argentina,FP
1602,1,9.6,3,20,México,Universidad
1603,3,41.4,9,70,Otros,Universidad
1604,0,0.0,0,0,México,Universidad
1605,3,30.4,6,44,Argentina,Universidad
1606,3,25.6,3,15,Argentina,Secundaria
1607,0,0.0,0,0,Argentina,Universidad
1608,1,3.4,1,5,España,Universidad
1609,2,9.1,4,24,Colombia,Secundaria
1610,5,48.9,5,31,Colombia,Universidad
1611,5,48.6,10,55,Argentina,Universidad
1612,4,20.5,8,47,Argentina,Secundaria
1613,0,0.0,0,0,Argentina,Secundaria
1614,3,23.8,9,58,Colombia,Universidad
1615,1,2.1,1,6,España,FP
1616,6,41.2,12,74,México,Universidad
1617,1,4.4,3,21,México,Universidad
1618,2,17.5,2,15,Argentina,Secundaria
1619,1,13.5,2,12,Otros,FP
1620,3,36.1,6,39,Colombia,Universidad
1621,2,21.9,4,24,Argentina,FP
1622,2,4.8,6,42,México,FP
1623,4,39.8,12,70,Otros,Secundaria
1624,2,21.8,6,41,México,FP
1625,6,21.2,18,114,México,Universidad
1626,6,14.8,6,40,México,Universidad
1627,1,9.6,1,5,España,FP
1628,1,2.9,2,12,España,FP
1629,0,0.0,0,0,Argentina,Universidad
1630,6,20.8,12,74,Colombia,FP
1631,6,38.6,18,96,Otros,Secundaria
1632,5,25.9,15,118,España,Universidad
1633,1,14.1,3,17,España,Secundaria
1634,0,0.0,0,0,España,Universidad
1635,4,17.0,8,63,España,Universidad
1636,0,0.0,0,0,Otros,Universidad
1637,3,13.0,3,21,Otros,Universidad
1638,5,52.8,15,108,Argentina,FP
1639,3,8.7,9,66,España,Universidad
1640,2,19.7,6,33,Colombia,FP
1641,5,33.3,10,75,Otros,Universidad
1642,4,22.4,12,62,España,Universidad
1643,2,11.3,2,15,México,Secundaria
1644,1,3.6,3,20,Otros,FP
1645,4,40.0,8,60,Otros,FP
1646,3,8.0,9,57,Otros,Secundaria
1647,5,22.8,15,112,Otros,Universidad
1648,5,42.8,10,59,Colombia,Secundaria
1649,4,8.1,8,62,Colombia,Universidad
1650,2,22.0,6,30,Otros,Universidad
1651,1,6.8,1,7,México,Universidad
1652,3,20.6,6,31,México,Universidad
1653,2,10.6,4,20,Argentina,Secundaria
1654,1,11.2,2,10,Colombia,Secundaria
1655,6,53.0,6,37,México,Universidad
1656,6,42.1,12,77,España,Universidad
1657,4,28.8,8,41,México,Secundaria
1658,5,12.2,5,31,México,Secundaria
1659,6,15.4,18,141,España,FP
1660,1,9.6,2,15,México,Universidad
1661,4,35.3,4,31,Colombia,Secundaria
1662,0,0.0,0,0,México,FP
1663,6,64.8,12,69,Otros,Secundaria
1664,4,13.3,4,30,Argentina,FP
1665,6,13.5,12,62,España,Secundaria
1666,4,48.9,12,91,México,Universidad
1667,2,15.5,4,28,Otros,Universidad
1668,2,25.8,2,13,España,Universidad
1669,5,22.2,15,94,Argentina,FP
1670,1,3.2,3,17,Colombia,Universidad
1671,2,28.1,2,10,México,FP
1672,3,9.3,3,17,Otros,Universidad
1673,3,13.1,6,39,Colombia,FP
1674,2,29.2,4,25,México,Secundaria
1675,1,2.8,2,13,México,Secundaria
1676,2,28.8,4,25,Argentina,Secundaria
1677,3,8.2,6,40,Otros,FP
1678,3,17.6,3,22,Colombia,Secundaria
1679,4,32.1,12,66,México,Secundaria
1680,6,36.5,12,77,España,Universidad
1681,3,11.1,3,17,Colombia,FP
1682,5,63.2,5,39,Argentina,Secundaria
1683,2,27.4,6,34,México,FP
1684,4,30.3,12,79,España,FP
1685,1,12.8,3,16,España,FP
1686,3,9.9,9,46,Otros,Secundaria
1687,0,0.0,0,0,Argentina,Secundaria
1688,6,53.9,12,73,España,FP
1689,6,82.6,18,105,México,Universidad
1690,1,11.4,3,15,Colombia,Universidad
1691,0,0.0,0,0,Otros,Secundaria
1692,6,79.3,6,39,Otros,Universidad
1693,4,47.4,8,56,Otros,Secundaria
1694,1,6.6,3,20,Colombia,FP
1695,1,12.6,1,6,Argentina,Universidad
1696,1,5.3,2,12,México,Secundaria
1697,5,57.8,15,77,Colombia,Secundaria
1698,3,27.4,3,18,Otros,Secundaria
1699,0,0.0,0,0,Argentina,Secundaria
1700,0,0.0,0,0,España,FP
1701,1,13.1,1,6,Colombia,FP
1702,6,25.7,18,129,Argentina,Secundaria
1703,4,8.0,8,61,España,Universidad
1704,3,19.9,6,35,Colombia,Secundaria
1705,2,18.5,6,42,Colombia,FP
1706,5,68.4,5,25,México,Universidad
1707,6,60.7,12,72,Colombia,Universidad
1708,1,11.4,2,14,España,Secundaria
1709,3,25.7,9,57,México,Universidad
1710,5,41.5,5,30,España,FP
1711,3,10.1,9,60,España,Secundaria
1712,6,25.2,18,113,Argentina,Universidad
1713,1,5.2,2,14,Colombia,Universidad
1714,3,6.2,9,69,Argentina,FP
1715,2,24.5,6,39,Colombia,FP
1716,1,8.0,1,7,Argentina,FP
1717,4,48.0,12,74,Argentina,Universidad
1718,3,16.8,3,22,Argentina,Secundaria
1719,3,30.1,3,20,Argentina,Secundaria
1720,1,5.7,1,6,Otros,Universidad
1721,0,0.0,0,0,Argentina,Secundaria
1722,3,38.4,6,38,Argentina,Universidad
1723,6,32.0,12,72,Otros,Secundaria
1724,3,19.3,3,19,Otros,FP
1725,0,0.0,0,0,Argentina,FP
1726,3,31.0,6,30,España,Universidad
1727,4,27.0,12,70,México,Secundaria
1728,1,2.1,2,15,Argentina,FP
1729,2,5.9,4,27,España,Secundaria
1730,6,82.4,12,69,México,Secundaria
1731,1,5.2,3,18,Colombia,Universidad
1732,1,11.5,2,11,Otros,FP
1733,3,23.0,9,67,Colombia,Secundaria
1734,2,25.4,6,35,España,Secundaria
1735,1,7.1,1,6,España,FP
1736,0,0.0,0,0,Otros,Universidad
1737,4,52.8,4,28,Colombia,Secundaria
1738,3,44.1,9,52,Otros,Universidad
1739,4,48.1,12,78,México,Universidad
1740,4,30.6,4,31,España,Secundaria
1741,0,0.0,0,0,Colombia,Universidad
1742,6,81.2,18,100,México,Secundaria
1743,5,33.8,10,54,Colombia,Secundaria
1744,1,2.6,1,5,México,Secundaria
1745,1,9.7,1,7,Colombia,Secundaria
1746,2,10.2,6,44,Argentina,Secundaria
1747,6,31.5,18,143,España,FP
1748,2,16.2,4,28,Argentina,FP
1749,5,42.6,10,57,Otros,Universidad
1750,4,18.8,12,64,Otros,FP
1751,3,29.1,3,17,Otros,FP
1752,4,21.8,12,67,Colombia,Secundaria
1753,1,6.0,1,7,Argentina,Secundaria
1754,2,23.7,4,23,Argentina,Secundaria
1755,4,21.1,4,26,Argentina,Secundaria
1756,1,10.6,1,5,Argentina,FP
1757,4,23.0,8,56,México,Universidad
1758,4,51.4,8,62,Argentina,FP
1759,3,22.6,9,56,Colombia,FP
1760,2,7.0,4,20,México,FP
1761,4,42.8,12,88,México,FP
1762,6,32.7,6,46,Otros,FP
1763,4,59.3,8,61,Argentina,Universidad
1764,6,27.6,6,45,Colombia,Secundaria
1765,3,40.7,9,46,Argentina,FP
1766,6,78.2,6,30,España,FP
1767,4,12.5,4,25,Colombia,Universidad
1768,6,19.8,6,46,Argentina,FP
1769,3,39.2,6,38,Colombia,Universidad
1770,1,11.4,3,18,México,FP
1771,6,41.3,6,44,Colombia,Universidad
1772,2,23.8,2,13,México,FP
1773,6,47.1,18,118,España,Universidad
1774,1,8.1,3,16,Argentina,Universidad
1775,5,25.9,10,67,Argentina,Universidad
1776,0,0.0,0,0,Otros,FP
1777,3,27.3,9,54,México,FP
1778,3,25.1,9,64,Colombia,FP
1779,1,4.7,2,11,España,Universidad
1780,2,22.9,2,15,Argentina,Universidad
1781,4,21.1,8,54,Colombia,Secundaria
1782,6,84.2,12,77,España,FP
1783,5,15.7,15,116,Argentina,FP
1784,5,35.1,15,109,España,FP
1785,3,39.2,6,30,España,Universidad
1786,2,7.3,6,45,Otros,Secundaria
1787,4,27.3,12,65,Argentina,FP
1788,0,0.0,0,0,México,Universidad
1789,3,28.7,3,17,Otros,FP
1790,1,4.0,2,14,Argentina,FP
1791,5,62.7,15,79,España,FP
1792,5,68.2,5,34,Colombia,Universidad
1793,3,21.8,3,16,Colombia,Universidad
1794,0,0.0,0,0,Argentina,FP
1795,3,33.3,6,34,Argentina,Universidad
1796,3,41.2,6,36,Argentina,FP
1797,1,4.5,1,6,Otros,Universidad
1798,0,0.0,0,0,Colombia,FP
1799,0,0.0,0,0,España,Secundaria
1800,3,30.8,6,40,México,Secundaria
1801,4,48.7,12,63,Argentina,Universidad
1802,2,25.0,4,28,Argentina,Secundaria
1803,2,12.5,4,22,España,Secundaria
1804,4,48.3,4,27,México,Secundaria
1805,2,13.8,4,21,México,Secundaria
1806,3,40.1,9,50,México,Secundaria
1807,5,62.6,15,92,Otros,FP
1808,6,50.8,12,87,Argentina,FP
1809,5,55.6,10,79,Argentina,Secundaria
1810,6,24.5,18,119,México,Universidad
1811,5,54.2,10,58,México,Secundaria
1812,6,61.1,12,74,Argentina,Universidad
1813,6,43.6,18,107,Argentina,Universidad
1814,5,69.4,5,27,Argentina,Secundaria
1815,1,4.1,1,6,España,FP
1816,5,74.3,15,82,Argentina,Secundaria
1817,2,8.5,2,14,Argentina,FP
1818,6,28.0,18,97,México,FP
1819,5,60.7,15,82,Argentina,FP
1820,1,3.0,1,5,México,Universidad
1821,0,0.0,0,0,Colombia,FP
1822,1,15.0,2,13,España,Secundaria
1823,6,74.8,6,37,Colombia,Universidad
1824,2,26.6,2,13,España,Secundaria
1825,6,54.1,18,114,Argentina,Secundaria
1826,5,62.3,10,50,Colombia,Secundaria
1827,1,4.7,2,11,España,Secundaria
1828,2,16.4,2,10,México,FP
1829,1,3.2,1,6,Argentina,Universidad
1830,0,0.0,0,0,España,FP
1831,2,20.2,4,28,Colombia,Universidad
1832,5,44.9,10,56,Argentina,Secundaria
1833,4,45.5,12,72,España,Secundaria
1834,1,10.1,1,6,Argentina,Secundaria
1835,2,16.9,6,44,Argentina,Secundaria
1836,0,0.0,0,0,México,Secundaria
1837,0,0.0,0,0,Argentina,FP
1838,5,41.1,10,60,España,Universidad
1839,2,6.4,2,13,México,Secundaria
1840,0,0.0,0,0,México,FP
1841,0,0.0,0,0,México,Universidad
1842,1,12.0,2,10,España,Secundaria
1843,1,12.0,1,7,España,FP
1844,1,10.9,3,23,México,FP
1845,4,24.9,8,60,México,Secundaria
1846,1,9.4,2,14,Colombia,Universidad
1847,3,6.6,6,33,España,Secundaria
1848,6,89.5,6,44,Argentina,Universidad
1849,1,12.8,2,15,Otros,Universidad
1850,3,43.4,6,45,Otros,Secundaria
1851,3,35.0,3,22,Otros,Secundaria
1852,0,0.0,0,0,Otros,FP
1853,6,85.2,12,77,España,FP
1854,3,26.5,6,45,México,Universidad
1855,0,0.0,0,0,Colombia,Universidad
1856,2,16.3,2,15,México,Universidad
1857,5,51.0,10,60,Colombia,FP
1858,0,0.0,0,0,España,Secundaria
1859,1,9.9,1,5,España,FP
1860,2,18.7,6,47,Colombia,FP
1861,2,10.1,4,25,Otros,FP
1862,2,25.9,4,23,Argentina,FP
1863,3,43.5,9,51,Otros,FP
1864,0,0.0,0,0,España,Secundaria
1865,2,13.1,4,20,Argentina,Secundaria
1866,6,18.7,6,42,Colombia,FP
1867,3,40.9,9,53,España,Secundaria
1868,2,29.6,6,38,México,Secundaria
1869,2,19.6,2,11,España,Universidad
1870,3,39.6,3,20,España,Universidad
1871,4,22.9,12,74,Colombia,Secundaria
1872,2,17.9,4,22,México,FP
1873,1,6.6,1,7,México,Universidad
1874,0,0.0,0,0,Otros,Universidad
1875,2,27.0,2,11,Otros,FP
1876,6,53.1,12,77,España,Secundaria
1877,3,30.6,9,59,Otros,Secundaria
1878,1,8.7,2,12,España,Secundaria
1879,0,0.0,0,0,Argentina,Universidad
1880,4,48.0,4,21,México,Secundaria
1881,2,11.1,6,31,México,Universidad
1882,4,37.2,12,60,México,Secundaria
1883,0,0.0,0,0,España,Universidad
1884,0,0.0,0,0,Argentina,FP
1885,6,14.4,18,110,Colombia,FP
1886,5,66.2,10,50,Argentina,FP
1887,3,44.6,9,48,Colombia,FP
1888,4,54.1,8,43,Otros,Secundaria
1889,2,4.2,4,30,España,FP
1890,4,9.2,4,28,España,Secundaria
1891,2,12.4,4,27,Argentina,Universidad
1892,4,18.1,12,79,México,Universidad
1893,6,53.4,12,78,Colombia,Secundaria
1894,6,35.2,6,34,Argentina,Universidad
1895,6,80.9,18,118,Otros,Universidad
1896,1,3.6,3,15,México,FP
1897,6,62.8,18,109,España,Universidad
1898,5,50.4,10,65,Colombia,Secundaria
1899,0,0.0,0,0,Argentina,FP
1900,0,0.0,0,0,Colombia,Secundaria
1901,1,12.5,1,6,Otros,Universidad
1902,5,69.9,15,99,Colombia,Secundaria
1903,0,0.0,0,0,España,FP
1904,6,13.0,6,30,Otros,Universidad
1905,2,28.2,4,22,Argentina,Secundaria
1906,2,19.9,2,11,México,Universidad
1907,0,0.0,0,0,Argentina,Universidad
1908,3,32.5,9,69,Argentina,Secundaria
1909,3,21.1,6,45,Colombia,FP
1910,5,45.8,5,36,España,FP
1911,2,15.2,4,23,Colombia,FP
1912,3,11.7,9,47,México,Universidad
1913,4,10.6,8,61,Colombia,Secundaria
1914,3,27.7,3,20,Argentina,Universidad
1915,0,0.0,0,0,Colombia,Secundaria
1916,2,8.8,6,38,Colombia,FP
1917,3,9.9,9,49,Argentina,FP
1918,0,0.0,0,0,México,Universidad
1919,3,36.8,6,37,Argentina,Secundaria
1920,1,9.2,2,15,México,Secundaria
1921,0,0.0,0,0,Argentina,Universidad
1922,0,0.0,0,0,Otros,Secundaria
1923,5,63.8,15,87,España,Secundaria
1924,2,19.3,2,11,México,FP
1925,1,13.1,3,18,Colombia,Secundaria
1926,1,8.1,2,10,Otros,Universidad
1927,1,4.2,1,7,México,FP
1928,3,34.4,6,43,España,Secundaria
1929,4,8.5,8,44,España,Secundaria
1930,5,46.3,10,53,Otros,Secundaria
1931,0,0.0,0,0,México,Secundaria
1932,3,30.9,6,37,Colombia,Universidad
1933,3,17.7,6,44,Colombia,FP
1934,4,37.5,12,93,España,Universidad
1935,3,13.8,3,16,México,Secundaria
1936,3,9.9,9,62,Otros,Secundaria
1937,0,0.0,0,0,España,Universidad
1938,2,26.3,6,39,México,Secundaria
1939,3,39.9,3,20,España,Secundaria
1940,1,2.1,3,16,Argentina,Universidad
1941,4,17.8,12,86,Argentina,FP
1942,0,0.0,0,0,Argentina,FP
1943,3,31.6,6,38,Colombia,Secundaria
1944,5,15.8,5,29,Otros,Secundaria
1945,2,25.2,2,15,Colombia,Secundaria
1946,2,6.9,2,13,Argentina,Secundaria
1947,0,0.0,0,0,México,Secundaria
1948,0,0.0,0,0,Argentina,Universidad
1949,5,17.6,15,98,Argentina,FP
1950,0,0.0,0,0,Otros,FP
1951,6,53.7,18,131,Argentina,Secundaria
1952,2,26.9,4,25,Argentina,FP
1953,4,34.2,4,28,Otros,FP
1954,0,0.0,0,0,España,Secundaria
1955,3,43.9,3,22,Otros,Universidad
1956,4,13.5,12,90,Colombia,FP
1957,3,41.5,6,45,México,FP
1958,0,0.0,0,0,Otros,Secundaria
1959,2,19.3,6,40,Otros,Universidad
1960,2,11.9,6,33,Argentina,FP
1961,1,6.4,3,23,España,Universidad
1962,0,0.0,0,0,México,Secundaria
1963,6,18.8,12,84,Argentina,FP
1964,1,3.3,1,7,México,Secundaria
1965,0,0.0,0,0,España,FP
1966,2,6.4,4,22,Colombia,Secundaria
1967,5,38.2,10,65,España,Secundaria
1968,6,25.0,6,42,Colombia,Secundaria
1969,3,31.0,6,33,España,Secundaria
1970,6,18.2,18,119,Argentina,Secundaria
1971,0,0.0,0,0,Otros,FP
1972,4,24.8,4,28,Otros,FP
1973,0,0.0,0,0,Otros,Universidad
1974,0,0.0,0,0,Colombia,Universidad
1975,3,22.2,3,20,Otros,Secundaria
1976,2,18.0,6,37,Otros,FP
1977,0,0.0,0,0,España,FP
1978,3,27.1,9,71,Otros,Secundaria
1979,4,51.7,4,23,España,Secundaria
1980,6,41.1,12,65,México,Secundaria
1981,5,73.5,15,116,Otros,FP
1982,0,0.0,0,0,Colombia,Universidad
1983,6,90.0,12,62,México,Universidad
1984,3,28.2,6,38,Colombia,Universidad
1985,5,23.7,5,29,Argentina,Secundaria
1986,1,9.4,2,10,México,Secundaria
1987,5,57.2,5,27,España,Secundaria
1988,1,2.0,2,15,México,Universidad
1989,4,8.6,12,86,Colombia,Secundaria
1990,0,0.0,0,0,Argentina,Secundaria
1991,0,0.0,0,0,Argentina,Secundaria
1992,3,35.1,3,15,España,Secundaria
1993,2,6.2,4,26,Argentina,Universidad
1994,0,0.0,0,0,México,Secundaria
1995,3,11.5,6,45,Argentina,Universidad
1996,0,0.0,0,0,Colombia,FP
1997,3,19.0,3,15,Argentina,Secundaria
1998,5,37.0,15,106,México,Universidad
1999,3,12.1,3,21,Otros,FP
2000,1,8.0,2,14,Otros,Universidad
