producto,categoria,precio,unidades,descuento,ciudad
P1,A,41.1,7,0.24,Granada
P2,C,110.67,3,0.13,Almeria
P3,B,175.22,14,0.244,Malaga
P4,B,147.78,10,0.189,Granada
P5,A,162.28,16,0.04,Bilbao
P6,A,133.46,16,0.119,Murcia
P7,A,139.99,10,0.18,Andujar
P8,C,170.59,13,0.062,Malaga
P9,B,53.69,6,0.16,Sevilla
P10,B,100.44,12,0.167,Almeria
P11,A,48.14,9,0.041,Madrid
P12,C,197.6,13,0.141,Malaga
P13,C,189.09,4,0.193,Zaragoza
P14,A,12.69,11,0.125,Murcia
P15,A,142.59,20,0.003,Bilbao
P16,A,185.42,18,0.002,Madrid
P17,A,40.21,11,0.089,Madrid
P18,B,115.75,4,0.232,Almeria
P19,B,183.52,18,0.057,Granada
P20,A,11.62,1,0.159,Zaragoza
P21,B,141.0,7,0.056,Granada
P22,A,62.98,6,0.08,Bilbao
P23,A,185.26,15,0.212,Madrid
P24,A,194.36,18,0.182,Zaragoza
P25,B,189.13,11,0.024,Zaragoza
P26,C,97.47,20,0.107,Valencia
P27,A,173.1,15,0.007,Murcia
P28,B,169.69,16,0.12,Madrid
P29,B,67.22,7,0.166,Madrid
P30,A,166.64,10,0.03,Zaragoza
P31,B,12.22,12,0.072,Granada
P32,A,121.27,14,0.099,Madrid
P33,A,49.85,5,0.23,Zaragoza
P34,C,28.51,18,0.248,Madrid
P35,C,20.01,5,0.011,Zaragoza
P36,C,140.78,3,0.19,Valencia
P37,A,71.28,5,0.093,Murcia
P38,A,146.33,17,0.098,Zaragoza
P39,B,17.74,19,0.189,Madrid
P40,B,66.48,19,0.23,Bilbao
P41,A,110.2,12,0.238,Murcia
P42,B,159.19,9,0.144,Valencia
P43,A,67.16,1,0.089,Zaragoza
P44,C,127.05,18,0.197,Bilbao
P45,A,177.77,4,0.063,Zaragoza
P46,B,125.09,10,0.141,Granada
P47,A,50.43,7,0.09,Madrid
P48,B,9.76,1,0.164,Malaga
P49,B,174.67,17,0.06,Almeria
P50,A,9.15,2,0.048,Andujar
P51,C,175.57,11,0.23,Granada
P52,C,108.14,9,0.025,Bilbao
P53,C,188.12,7,0.126,Granada
P54,C,160.76,17,0.055,Sevilla
P55,B,199.6,17,0.01,Zaragoza
P56,C,73.39,2,0.009,Zaragoza
P57,A,154.6,6,0.044,Andujar
P58,A,83.38,14,0.217,Andujar
P59,A,98.58,6,0.071,Sevilla
P60,A,127.36,2,0.238,Madrid
P61,A,175.37,1,0.145,Almeria
P62,A,196.9,10,0.109,Malaga
P63,C,154.81,5,0.145,Malaga
P64,A,86.46,2,0.129,Valencia
P65,A,87.16,16,0.19,Valencia
P66,B,148.83,2,0.071,Madrid
P67,A,51.56,10,0.088,Valencia
P68,C,26.54,2,0.224,Valencia
P69,A,74.15,16,0.237,Sevilla
P70,C,61.01,16,0.223,Sevilla
P71,C,62.78,19,0.105,Valencia
P72,A,50.55,7,0.195,Granada
P73,A,13.21,12,0.119,Murcia
P74,C,8.49,15,0.124,Murcia
P75,B,197.61,8,0.051,Madrid
P76,B,88.42,6,0.148,Malaga
P77,C,79.94,10,0.047,Andujar
P78,A,137.53,3,0.083,Madrid
P79,A,47.56,19,0.214,Valencia
P80,A,190.24,17,0.052,Sevilla
P81,C,158.34,7,0.018,Zaragoza
P82,B,22.44,20,0.017,Granada
P83,A,86.43,4,0.235,Bilbao
P84,A,176.43,14,0.127,Sevilla
P85,A,189.22,20,0.102,Murcia
P86,A,96.14,15,0.203,Sevilla
P87,B,124.62,8,0.209,Granada
P88,B,37.57,15,0.083,Andujar
P89,C,198.28,20,0.173,Valencia
P90,B,50.18,14,0.193,Zaragoza
P91,A,188.83,9,0.164,Murcia
P92,B,131.68,8,0.038,Murcia
P93,C,123.51,17,0.219,Almeria
P94,B,104.97,2,0.135,Malaga
P95,C,49.98,3,0.071,Andujar
P96,B,39.42,8,0.106,Murcia
P97,B,47.99,12,0.009,Malaga
P98,B,41.36,1,0.032,Murcia
P99,A,157.02,10,0.191,Valencia
P100,A,73.27,20,0.0,Malaga
P101,A,16.28,3,0.104,Granada
P102,B,193.98,6,0.131,Almeria
P103,A,177.34,7,0.014,Valencia
P104,B,185.91,20,0.243,Granada
P105,C,199.01,18,0.057,Zaragoza
P106,A,38.91,11,0.076,Andujar
P107,B,82.27,19,0.076,Andujar
P108,C,152.86,5,0.058,Bilbao
P109,A,140.72,19,0.0,Bilbao
P110,A,35.01,11,0.182,Malaga
P111,A,164.09,12,0.242,Andujar
P112,A,48.77,10,0.056,Malaga
P113,C,48.64,8,0.166,Bilbao
P114,C,109.71,9,0.185,Zaragoza
P115,B,120.62,4,0.212,Murcia
P116,C,118.12,5,0.106,Granada
P117,C,22.84,8,0.076,Sevilla
P118,A,176.1,9,0.081,Malaga
P119,C,56.79,15,0.178,Zaragoza
P120,B,30.26,15,0.204,Granada
P121,C,178.31,16,0.045,Andujar
P122,C,191.35,14,0.093,Murcia
P123,A,173.11,8,0.225,Granada
P124,A,162.86,18,0.202,Almeria
P125,A,132.77,10,0.246,Bilbao
P126,B,112.42,20,0.189,Granada
P127,C,21.96,6,0.098,Sevilla
P128,C,84.65,12,0.148,Zaragoza
P129,A,77.67,2,0.165,Murcia
P130,B,55.65,7,0.02,Valencia
P131,B,146.07,16,0.136,Granada
P132,A,101.7,3,0.177,Madrid
P133,A,20.8,13,0.042,Sevilla
P134,A,47.94,3,0.195,Sevilla
P135,C,138.24,18,0.146,Madrid
P136,A,19.85,11,0.238,Almeria
P137,B,170.99,8,0.011,Valencia
P138,B,101.55,6,0.066,Bilbao
P139,A,98.71,1,0.15,Zaragoza
P140,C,120.52,1,0.074,Murcia
P141,C,165.81,8,0.179,Zaragoza
P142,A,72.82,5,0.19,Valencia
P143,B,137.21,16,0.026,Zaragoza
P144,A,115.32,11,0.128,Madrid
P145,A,57.07,5,0.127,Sevilla
P146,A,176.33,4,0.092,Zaragoza
P147,B,160.5,6,0.233,Malaga
P148,B,133.4,14,0.207,Granada
P149,A,170.86,19,0.174,Valencia
P150,A,174.12,9,0.179,Almeria
P151,C,143.13,12,0.115,Malaga
P152,A,168.22,11,0.23,Madrid
P153,A,141.01,14,0.174,Andujar
P154,B,137.63,16,0.182,Madrid
P155,C,125.63,1,0.215,Almeria
P156,A,151.78,13,0.069,Almeria
P157,B,35.93,13,0.202,Malaga
P158,C,176.77,2,0.049,Granada
P159,A,175.01,4,0.086,Valencia
P160,B,10.7,6,0.084,Bilbao
P161,A,166.03,5,0.245,Sevilla
P162,B,30.13,3,0.214,Malaga
P163,B,70.35,1,0.175,Almeria
P164,B,149.98,4,0.182,Andujar
P165,A,36.35,20,0.141,Murcia
P166,C,164.5,2,0.237,Almeria
P167,A,167.27,5,0.124,Granada
P168,A,103.96,3,0.095,Granada
P169,A,6.25,9,0.041,Almeria
P170,B,60.97,20,0.197,Granada
P171,B,125.3,6,0.184,Malaga
P172,A,196.33,18,0.096,Almeria
P173,B,128.2,6,0.006,Almeria
P174,A,55.66,19,0.21,Valencia
P175,B,128.63,12,0.003,Sevilla
P176,A,110.3,11,0.176,Andujar
P177,B,157.07,2,0.243,Granada
P178,A,25.86,15,0.109,Valencia
P179,C,153.4,12,0.059,Bilbao
P180,A,110.55,12,0.176,Bilbao
P181,A,192.78,9,0.204,Zaragoza
P182,A,71.67,2,0.137,Malaga
P183,C,128.36,3,0.242,Malaga
P184,C,186.75,12,0.013,Madrid
P185,A,24.99,16,0.126,Andujar
P186,B,187.76,1,0.18,Almeria
P187,C,139.14,3,0.216,Granada
P188,B,18.23,20,0.045,Andujar
P189,B,63.69,2,0.2,Zaragoza
P190,A,143.09,9,0.138,Madrid
P191,A,18.13,19,0.099,Valencia
P192,C,118.52,15,0.033,Andujar
P193,C,72.45,18,0.216,Valencia
P194,B,126.08,11,0.039,Bilbao
P195,A,13.92,16,0.077,Granada
P196,A,174.95,17,0.073,Zaragoza
P197,B,194.83,5,0.218,Almeria
P198,C,193.93,12,0.168,Granada
P199,C,151.18,11,0.199,Sevilla
P200,C,30.37,15,0.063,Malaga
P201,B,152.86,3,0.156,Zaragoza
P202,A,9.79,1,0.143,Andujar
P203,A,9.31,20,0.208,Granada
P204,C,68.1,16,0.227,Murcia
P205,B,100.29,2,0.003,Malaga
P206,A,155.23,2,0.169,Malaga
P207,A,138.24,3,0.013,Murcia
P208,B,91.95,8,0.137,Madrid
P209,A,58.36,15,0.072,Madrid
P210,A,199.44,7,0.077,Murcia
P211,B,88.11,6,0.088,Sevilla
P212,B,93.02,9,0.155,Bilbao
P213,B,36.91,20,0.084,Murcia
P214,A,159.99,1,0.183,Bilbao
P215,B,140.27,8,0.101,Granada
P216,A,48.05,3,0.017,Sevilla
P217,A,21.06,4,0.196,Zaragoza
P218,B,137.7,15,0.071,Bilbao
P219,B,132.63,6,0.108,Malaga
P220,C,58.29,15,0.171,Granada
P221,B,190.42,3,0.083,Malaga
P222,B,34.46,14,0.014,Sevilla
P223,A,89.31,20,0.093,Bilbao
P224,A,189.01,14,0.236,Valencia
P225,A,86.85,4,0.16,Sevilla
P226,A,129.51,12,0.168,Sevilla
P227,C,82.53,17,0.158,Valencia
P228,A,58.47,7,0.05,Granada
P229,C,196.88,9,0.105,Bilbao
P230,B,84.82,3,0.188,Bilbao
P231,C,179.35,13,0.025,Malaga
P232,B,49.84,15,0.069,Sevilla
P233,B,46.56,18,0.069,Sevilla
P234,B,11.07,19,0.108,Almeria
P235,A,132.08,1,0.245,Zaragoza
P236,B,76.86,6,0.017,Sevilla
P237,A,173.55,2,0.13,Andujar
P238,A,97.28,14,0.045,Zaragoza
P239,B,193.8,6,0.243,Andujar
P240,A,41.18,14,0.028,Bilbao
P241,C,174.38,4,0.101,Zaragoza
P242,C,156.44,8,0.184,Sevilla
P243,C,155.33,3,0.176,Valencia
P244,A,169.73,19,0.106,Malaga
P245,A,153.4,14,0.087,Andujar
P246,C,127.11,20,0.099,Zaragoza
P247,B,30.59,17,0.066,Sevilla
P248,C,11.34,8,0.051,Zaragoza
P249,C,184.57,14,0.121,Sevilla
P250,C,125.25,6,0.067,Sevilla
P251,A,160.32,16,0.072,Sevilla
P252,A,98.9,19,0.164,Almeria
P253,C,27.88,14,0.242,Malaga
P254,A,29.41,19,0.151,Valencia
P255,A,138.69,3,0.019,Valencia
P256,B,88.91,10,0.019,Zaragoza
P257,C,44.1,19,0.238,Zaragoza
P258,B,100.86,9,0.074,Sevilla
P259,B,17.52,20,0.023,Almeria
P260,A,118.48,13,0.15,Sevilla
P261,B,57.45,7,0.156,Almeria
P262,C,160.52,14,0.162,Sevilla
P263,A,65.52,9,0.067,Andujar
P264,B,93.77,19,0.004,Andujar
P265,C,7.27,15,0.241,Bilbao
P266,B,19.13,20,0.063,Sevilla
P267,B,81.54,14,0.169,Malaga
P268,B,98.59,6,0.177,Bilbao
P269,A,122.0,4,0.153,Zaragoza
P270,A,61.87,8,0.078,Granada
P271,C,140.52,17,0.068,Sevilla
P272,C,172.72,9,0.149,Andujar
P273,C,157.07,1,0.217,Granada
P274,C,12.73,20,0.237,Almeria
P275,B,98.7,14,0.026,Granada
P276,B,25.46,11,0.039,Malaga
P277,C,52.2,3,0.236,Sevilla
P278,B,197.4,9,0.184,Valencia
P279,B,32.79,14,0.221,Granada
P280,C,102.28,9,0.051,Valencia
P281,C,125.54,4,0.147,Almeria
P282,A,141.98,4,0.175,Bilbao
P283,A,114.13,8,0.17,Valencia
P284,A,6.91,2,0.102,Bilbao
P285,B,68.66,9,0.004,Andujar
P286,A,105.95,14,0.146,Sevilla
P287,B,22.13,9,0.063,Granada
P288,B,73.37,16,0.113,Andujar
P289,A,11.47,17,0.239,Andujar
P290,B,20.32,16,0.1,Murcia
P291,A,82.4,12,0.21,Madrid
P292,A,30.88,3,0.047,Malaga
P293,C,115.67,11,0.168,Bilbao
P294,A,139.45,14,0.244,Murcia
P295,A,161.11,18,0.025,Madrid
P296,B,44.03,5,0.002,Malaga
P297,C,37.66,16,0.108,Bilbao
P298,A,25.39,20,0.023,Sevilla
P299,B,129.1,5,0.187,Malaga
P300,A,142.76,3,0.229,Granada
P301,A,11.16,12,0.109,Andujar
P302,B,187.56,1,0.065,Madrid
P303,B,15.13,9,0.109,Madrid
P304,B,110.55,9,0.181,Madrid
P305,B,143.27,4,0.002,Bilbao
P306,C,174.84,3,0.147,Granada
P307,B,144.25,17,0.153,Malaga
P308,A,161.34,2,0.159,Andujar
P309,C,71.19,1,0.061,Granada
P310,A,163.89,8,0.179,Murcia
P311,B,20.62,13,0.023,Sevilla
P312,A,179.49,15,0.05,Valencia
P313,A,111.78,8,0.219,Granada
P314,C,164.37,12,0.185,Murcia
P315,C,93.2,12,0.003,Andujar
P316,B,130.5,14,0.062,Valencia
P317,B,107.65,15,0.054,Valencia
P318,A,147.66,15,0.068,Granada
P319,A,20.92,9,0.062,Madrid
P320,A,16.77,19,0.016,Zaragoza
P321,B,53.19,20,0.115,Andujar
P322,B,36.11,8,0.183,Madrid
P323,B,175.0,19,0.152,Andujar
P324,A,47.75,6,0.168,Zaragoza
P325,C,195.29,20,0.02,Sevilla
P326,B,70.69,19,0.238,Zaragoza
P327,B,40.51,4,0.21,Almeria
P328,B,158.99,7,0.201,Granada
P329,B,133.45,4,0.206,Granada
P330,A,102.15,12,0.233,Murcia
P331,A,113.3,13,0.136,Madrid
P332,C,145.24,3,0.05,Murcia
P333,A,49.55,12,0.154,Almeria
P334,A,199.29,2,0.186,Zaragoza
P335,A,195.08,2,0.184,Granada
P336,A,131.81,9,0.13,Bilbao
P337,C,43.91,1,0.017,Zaragoza
P338,B,137.64,8,0.093,Zaragoza
P339,B,19.08,6,0.23,Almeria
P340,A,10.98,6,0.146,Sevilla
P341,B,55.25,18,0.135,Andujar
P342,B,95.21,17,0.067,Almeria
P343,A,174.31,12,0.092,Andujar
P344,B,146.8,6,0.224,Granada
P345,A,149.83,8,0.167,Almeria
P346,B,87.97,19,0.197,Andujar
P347,B,72.46,10,0.114,Murcia
P348,A,77.35,1,0.158,Almeria
P349,A,197.59,13,0.062,Granada
P350,B,12.82,17,0.176,Almeria
P351,B,174.07,3,0.107,Granada
P352,C,117.84,8,0.111,Almeria
P353,B,90.53,14,0.162,Andujar
P354,A,146.43,3,0.234,Sevilla
P355,A,99.9,16,0.016,Malaga
P356,B,175.32,13,0.206,Andujar
P357,A,180.64,20,0.073,Madrid
P358,B,87.24,17,0.111,Valencia
P359,C,58.98,13,0.005,Sevilla
P360,B,120.51,6,0.075,Murcia
P361,A,182.91,17,0.126,Zaragoza
P362,B,46.08,14,0.014,Andujar
P363,B,126.48,17,0.123,Almeria
P364,B,128.15,8,0.232,Andujar
P365,C,147.96,11,0.026,Bilbao
P366,A,30.66,20,0.191,Sevilla
P367,C,144.59,1,0.102,Malaga
P368,C,182.26,7,0.164,Murcia
P369,A,40.04,17,0.065,Bilbao
P370,A,51.32,10,0.04,Granada
P371,A,194.42,11,0.04,Bilbao
P372,A,40.29,9,0.018,Andujar
P373,A,171.61,9,0.046,Murcia
P374,B,100.99,5,0.166,Andujar
P375,A,53.21,17,0.22,Granada
P376,A,174.8,9,0.204,Zaragoza
P377,C,91.83,17,0.171,Murcia
P378,A,105.39,19,0.028,Zaragoza
P379,C,75.05,7,0.072,Sevilla
P380,A,120.63,9,0.077,Sevilla
P381,A,36.89,7,0.062,Zaragoza
P382,B,81.26,13,0.129,Sevilla
P383,B,194.04,11,0.134,Murcia
P384,C,55.34,14,0.089,Almeria
P385,B,133.06,19,0.088,Madrid
P386,C,68.41,11,0.207,Sevilla
P387,A,155.83,13,0.197,Sevilla
P388,A,30.52,14,0.077,Andujar
P389,C,194.12,13,0.228,Zaragoza
P390,C,93.49,1,0.238,Valencia
P391,C,51.03,8,0.082,Malaga
P392,B,19.33,12,0.089,Bilbao
P393,A,38.1,19,0.126,Sevilla
P394,C,106.36,12,0.235,Bilbao
P395,A,70.72,8,0.219,Murcia
P396,C,166.63,8,0.026,Valencia
P397,C,89.02,13,0.098,Malaga
P398,B,53.5,12,0.138,Zaragoza
P399,C,125.34,16,0.126,Madrid
P400,C,142.82,1,0.048,Malaga
P401,A,37.57,13,0.215,Malaga
P402,C,37.69,7,0.169,Madrid
P403,B,12.15,5,0.209,Almeria
P404,C,148.6,8,0.215,Zaragoza
P405,A,134.44,14,0.187,Andujar
P406,C,97.55,13,0.11,Bilbao
P407,A,169.61,15,0.153,Sevilla
P408,A,162.11,17,0.04,Malaga
P409,C,119.14,15,0.168,Murcia
P410,A,174.31,20,0.045,Madrid
P411,A,45.14,18,0.173,Bilbao
P412,C,26.82,18,0.057,Valencia
P413,C,57.6,2,0.029,Madrid
P414,B,16.13,4,0.041,Valencia
P415,B,108.58,1,0.0,Zaragoza
P416,B,187.64,4,0.18,Malaga
P417,A,12.67,18,0.183,Murcia
P418,A,28.81,5,0.129,Sevilla
P419,B,93.18,19,0.04,Valencia
P420,C,187.11,15,0.021,Bilbao
P421,C,66.65,8,0.005,Almeria
P422,C,103.91,20,0.041,Zaragoza
P423,A,13.11,17,0.223,Almeria
P424,B,33.93,1,0.06,Zaragoza
P425,A,197.39,12,0.089,Andujar
P426,B,193.2,19,0.026,Bilbao
P427,B,5.96,15,0.056,Almeria
P428,C,190.6,9,0.13,Murcia
P429,A,129.63,7,0.152,Malaga
P430,A,174.24,2,0.061,Madrid
P431,A,93.67,9,0.014,Sevilla
P432,C,105.54,10,0.098,Malaga
P433,B,100.33,2,0.059,Malaga
P434,A,135.04,19,0.055,Zaragoza
P435,A,32.23,11,0.24,Murcia
P436,B,10.84,13,0.154,Zaragoza
P437,A,65.05,10,0.139,Granada
P438,C,142.41,14,0.104,Valencia
P439,B,44.36,18,0.107,Sevilla
P440,A,136.32,19,0.135,Valencia
P441,A,194.13,9,0.174,Madrid
P442,C,23.31,7,0.176,Granada
P443,A,136.16,3,0.043,Bilbao
P444,A,91.53,20,0.125,Madrid
P445,C,174.29,6,0.103,Madrid
P446,C,39.54,2,0.218,Andujar
P447,C,140.06,6,0.158,Sevilla
P448,C,168.43,3,0.133,Zaragoza
P449,A,189.2,16,0.029,Murcia
P450,A,138.23,8,0.151,Valencia
P451,C,101.95,2,0.029,Madrid
P452,B,125.48,17,0.084,Valencia
P453,B,174.44,9,0.036,Valencia
P454,C,116.27,12,0.173,Bilbao
P455,A,10.93,3,0.052,Sevilla
P456,B,186.53,11,0.098,Sevilla
P457,A,139.46,1,0.224,Almeria
P458,B,136.92,13,0.051,Malaga
P459,A,47.06,15,0.127,Sevilla
P460,A,133.48,5,0.105,Valencia
P461,A,81.8,17,0.005,Zaragoza
P462,B,131.99,6,0.198,Valencia
P463,B,25.79,11,0.017,Zaragoza
P464,B,133.28,18,0.119,Almeria
P465,C,199.89,4,0.14,Zaragoza
P466,A,14.4,3,0.157,Sevilla
P467,A,195.55,13,0.172,Bilbao
P468,C,84.35,9,0.063,Zaragoza
P469,A,174.8,6,0.002,Valencia
P470,C,157.57,12,0.181,Murcia
P471,A,115.57,2,0.134,Sevilla
P472,C,149.0,3,0.209,Murcia
P473,A,176.31,3,0.205,Granada
P474,C,83.81,12,0.211,Granada
P475,B,68.77,15,0.121,Valencia
P476,C,135.18,9,0.083,Granada
P477,A,162.53,8,0.198,Malaga
P478,B,153.65,11,0.113,Almeria
P479,C,160.57,16,0.046,Sevilla
P480,B,89.94,4,0.214,Murcia
P481,B,164.48,1,0.221,Valencia
P482,B,28.44,7,0.117,Malaga
P483,B,111.18,2,0.019,Valencia
P484,B,6.12,5,0.097,Malaga
P485,B,68.29,7,0.201,Granada
P486,C,76.46,4,0.225,Granada
P487,A,82.25,5,0.051,Zaragoza
P488,A,140.62,1,0.017,Andujar
P489,C,80.77,1,0.219,Valencia
P490,C,92.5,15,0.097,Zaragoza
P491,B,51.32,20,0.135,Sevilla
P492,B,77.78,19,0.242,Zaragoza
P493,A,49.32,10,0.017,Madrid
P494,A,19.27,18,0.162,Granada
P495,B,122.67,3,0.019,Madrid
P496,A,135.3,11,0.094,Valencia
P497,B,125.8,15,0.201,Murcia
P498,A,95.38,11,0.108,Murcia
P499,C,79.06,17,0.249,Sevilla
P500,C,173.35,17,0.14,Zaragoza
P501,B,106.22,6,0.08,Murcia
P502,B,98.44,5,0.055,Malaga
P503,A,10.0,8,0.088,Malaga
P504,C,71.54,2,0.093,Sevilla
P505,B,79.14,16,0.017,Almeria
P506,A,82.77,20,0.092,Granada
P507,C,118.13,12,0.116,Zaragoza
P508,C,109.05,6,0.181,Valencia
P509,C,123.54,1,0.164,Bilbao
P510,B,154.15,4,0.177,Bilbao
P511,B,163.53,17,0.002,Bilbao
P512,B,145.03,13,0.054,Murcia
P513,C,191.33,18,0.165,Almeria
P514,C,8.56,5,0.121,Almeria
P515,A,43.18,3,0.001,Zaragoza
P516,A,6.47,11,0.201,Zaragoza
P517,A,131.26,13,0.193,Almeria
P518,C,180.12,4,0.137,Sevilla
P519,C,52.48,14,0.017,Zaragoza
P520,A,185.77,11,0.192,Sevilla
P521,B,16.75,10,0.146,Madrid
P522,A,187.22,19,0.195,Malaga
P523,C,73.57,18,0.188,Granada
P524,C,24.78,6,0.201,Zaragoza
P525,C,99.74,15,0.13,Almeria
P526,B,55.07,10,0.035,Malaga
P527,B,60.55,5,0.168,Malaga
P528,A,64.92,5,0.155,Andujar
P529,A,161.59,10,0.186,Almeria
P530,C,110.14,5,0.042,Granada
P531,C,65.71,3,0.049,Almeria
P532,C,124.02,6,0.223,Zaragoza
P533,C,144.65,4,0.187,Valencia
P534,B,58.16,18,0.227,Madrid
P535,C,85.64,9,0.19,Sevilla
P536,C,28.77,17,0.149,Valencia
P537,C,40.32,13,0.164,Madrid
P538,A,137.82,15,0.222,Valencia
P539,B,40.38,20,0.145,Sevilla
P540,A,107.41,17,0.158,Murcia
P541,C,143.26,13,0.039,Almeria
P542,B,25.84,16,0.118,Valencia
P543,A,115.63,4,0.179,Zaragoza
P544,B,55.03,5,0.068,Granada
P545,B,192.77,5,0.051,Bilbao
P546,A,99.29,9,0.078,Zaragoza
P547,A,162.17,17,0.06,Sevilla
P548,B,112.29,13,0.054,Granada
P549,B,13.47,2,0.106,Zaragoza
P550,C,128.46,13,0.227,Malaga
P551,B,190.52,19,0.127,Almeria
P552,C,122.31,3,0.047,Granada
P553,B,164.74,10,0.019,Malaga
P554,B,177.42,2,0.174,Zaragoza
P555,C,49.48,13,0.096,Madrid
P556,B,46.35,19,0.205,Andujar
P557,A,124.14,17,0.165,Madrid
P558,A,85.15,14,0.199,Almeria
P559,C,168.77,12,0.068,Granada
P560,B,180.5,12,0.173,Granada
P561,B,73.92,11,0.066,Almeria
P562,A,51.19,7,0.235,Malaga
P563,A,157.2,4,0.159,Andujar
P564,A,58.59,19,0.081,Zaragoza
P565,A,165.41,1,0.067,Sevilla
P566,B,87.63,3,0.048,Madrid
P567,A,135.17,13,0.174,Madrid
P568,B,23.63,15,0.055,Bilbao
P569,C,126.65,2,0.149,Andujar
P570,A,93.09,11,0.066,Sevilla
P571,B,119.39,4,0.165,Madrid
P572,C,37.76,19,0.204,Sevilla
P573,A,148.69,17,0.195,Zaragoza
P574,B,173.25,3,0.19,Granada
P575,C,47.26,18,0.047,Sevilla
P576,C,23.66,8,0.022,Madrid
P577,A,9.61,19,0.175,Malaga
P578,C,130.18,5,0.092,Andujar
P579,B,123.38,7,0.108,Almeria
P580,A,111.61,8,0.008,Valencia
P581,B,50.23,5,0.065,Murcia
P582,C,81.23,17,0.008,Murcia
P583,B,120.92,5,0.22,Valencia
P584,A,101.87,4,0.061,Sevilla
P585,B,197.62,19,0.139,Andujar
P586,A,31.61,2,0.01,Sevilla
P587,A,140.55,11,0.167,Almeria
P588,A,83.84,13,0.081,Andujar
P589,A,88.5,15,0.224,Valencia
P590,A,144.93,12,0.222,Sevilla
P591,A,140.03,11,0.081,Bilbao
P592,B,198.29,7,0.225,Madrid
P593,A,30.04,5,0.249,Malaga
P594,A,25.3,17,0.206,Granada
P595,C,146.25,20,0.211,Malaga
P596,B,117.79,9,0.062,Almeria
P597,B,58.46,14,0.144,Sevilla
P598,A,20.49,12,0.017,Zaragoza
P599,A,21.7,6,0.024,Andujar
P600,A,179.37,17,0.25,Sevilla
P601,A,42.41,19,0.082,Andujar
P602,A,68.06,19,0.187,Granada
P603,A,49.2,16,0.202,Bilbao
P604,A,74.22,12,0.215,Malaga
P605,A,18.54,12,0.249,Madrid
P606,B,106.22,20,0.06,Granada
P607,A,18.18,6,0.01,Granada
P608,A,161.07,4,0.103,Malaga
P609,B,50.57,6,0.033,Granada
P610,B,110.3,11,0.006,Zaragoza
P611,A,176.62,1,0.09,Zaragoza
P612,C,131.92,15,0.196,Murcia
P613,B,108.93,11,0.142,Murcia
P614,A,68.25,19,0.078,Zaragoza
P615,C,69.94,18,0.164,Valencia
P616,C,135.55,17,0.058,Bilbao
P617,A,198.86,19,0.004,Andujar
P618,A,134.06,14,0.191,Bilbao
P619,C,113.77,18,0.156,Almeria
P620,B,147.48,19,0.191,Granada
P621,A,95.72,15,0.01,Madrid
P622,A,16.73,15,0.209,Granada
P623,A,114.65,4,0.155,Bilbao
P624,B,191.74,7,0.141,Zaragoza
P625,B,39.18,13,0.156,Malaga
P626,A,139.55,3,0.216,Almeria
P627,B,44.18,16,0.147,Zaragoza
P628,B,109.49,9,0.145,Bilbao
P629,A,23.85,8,0.248,Malaga
P630,A,92.82,20,0.189,Madrid
P631,B,152.45,13,0.111,Bilbao
P632,C,72.78,17,0.177,Andujar
P633,B,134.66,17,0.097,Sevilla
P634,B,160.11,17,0.057,Malaga
P635,A,185.8,1,0.149,Bilbao
P636,B,50.76,8,0.232,Zaragoza
P637,B,82.87,19,0.232,Andujar
P638,A,34.72,6,0.085,Valencia
P639,A,198.53,3,0.132,Malaga
P640,A,185.77,5,0.053,Andujar
P641,A,110.29,13,0.249,Zaragoza
P642,A,169.2,15,0.245,Bilbao
P643,A,106.59,14,0.162,Granada
P644,A,126.6,16,0.201,Madrid
P645,A,22.38,18,0.179,Granada
P646,C,152.28,11,0.148,Sevilla
P647,B,29.9,3,0.013,Andujar
P648,B,166.08,10,0.114,Sevilla
P649,C,157.5,10,0.169,Madrid
P650,B,143.21,16,0.169,Andujar
P651,A,12.05,12,0.093,Murcia
P652,B,64.11,2,0.235,Zaragoza
P653,B,56.31,9,0.042,Andujar
P654,B,75.23,3,0.125,Zaragoza
P655,B,22.09,15,0.173,Granada
P656,A,187.71,3,0.174,Almeria
P657,A,112.99,19,0.162,Malaga
P658,A,64.58,18,0.069,Almeria
P659,B,82.41,8,0.039,Bilbao
P660,B,92.2,17,0.159,Malaga
P661,A,122.12,8,0.15,Malaga
P662,C,105.56,7,0.045,Valencia
P663,B,184.28,7,0.176,Malaga
P664,A,101.91,3,0.114,Madrid
P665,A,198.47,1,0.167,Almeria
P666,A,171.03,4,0.209,Granada
P667,A,45.66,5,0.042,Zaragoza
P668,A,186.47,1,0.005,Bilbao
P669,A,27.69,15,0.195,Malaga
P670,A,164.4,5,0.152,Bilbao
P671,A,79.22,13,0.175,Granada
P672,C,176.2,8,0.21,Bilbao
P673,A,174.27,8,0.201,Granada
P674,B,162.16,5,0.24,Malaga
P675,B,159.06,9,0.134,Granada
P676,C,64.41,1,0.122,Malaga
P677,A,20.78,4,0.1,Valencia
P678,A,83.58,3,0.038,Valencia
P679,C,38.84,2,0.143,Granada
P680,C,140.52,8,0.069,Valencia
P681,C,72.49,9,0.23,Zaragoza
P682,A,195.24,2,0.146,Zaragoza
P683,A,129.99,14,0.148,Valencia
P684,B,165.38,14,0.089,Valencia
P685,C,30.84,4,0.013,Murcia
P686,B,173.09,6,0.008,Murcia
P687,B,184.94,11,0.106,Malaga
P688,A,99.98,3,0.021,Granada
P689,C,123.22,8,0.152,Sevilla
P690,A,154.14,3,0.22,Sevilla
P691,A,39.09,14,0.221,Valencia
P692,B,103.0,13,0.165,Bilbao
P693,B,82.74,13,0.053,Valencia
P694,A,33.54,2,0.216,Murcia
P695,A,76.67,13,0.222,Malaga
P696,B,18.29,19,0.049,Valencia
P697,A,10.03,6,0.184,Almeria
P698,B,31.36,16,0.072,Bilbao
P699,A,192.81,2,0.201,Almeria
P700,B,112.16,8,0.249,Malaga
P701,B,193.34,17,0.008,Malaga
P702,A,89.34,2,0.224,Zaragoza
P703,A,65.8,10,0.156,Andujar
P704,A,103.7,16,0.243,Almeria
P705,A,90.7,6,0.116,Zaragoza
P706,C,25.6,2,0.212,Murcia
P707,A,129.96,2,0.016,Madrid
P708,C,47.13,13,0.084,Bilbao
P709,A,125.82,15,0.017,Madrid
P710,B,131.79,2,0.244,Granada
P711,C,34.64,7,0.204,Murcia
P712,B,16.96,3,0.213,Murcia
P713,B,157.25,8,0.234,Madrid
P714,B,94.66,14,0.021,Almeria
P715,A,16.34,7,0.096,Andujar
P716,C,199.0,7,0.018,Almeria
P717,C,16.27,1,0.053,Madrid
P718,C,140.53,17,0.057,Granada
P719,A,196.82,9,0.117,Almeria
P720,B,51.64,13,0.067,Sevilla
P721,C,32.74,19,0.025,Almeria
P722,A,28.67,19,0.042,Malaga
P723,A,64.14,17,0.037,Zaragoza
P724,B,24.7,10,0.243,Bilbao
P725,B,139.97,10,0.19,Almeria
P726,C,17.15,4,0.242,Andujar
P727,A,104.34,8,0.11,Andujar
P728,C,199.36,20,0.07,Almeria
P729,A,163.72,20,0.2,Valencia
P730,A,124.97,18,0.082,Murcia
P731,A,64.72,14,0.075,Almeria
P732,C,126.66,18,0.058,Murcia
P733,B,107.77,14,0.032,Sevilla
P734,B,88.09,20,0.064,Madrid
P735,A,30.49,15,0.089,Sevilla
P736,C,177.89,4,0.168,Almeria
P737,A,92.71,13,0.016,Andujar
P738,C,42.95,8,0.053,Valencia
P739,B,76.71,18,0.202,Granada
P740,A,85.76,12,0.037,Murcia
P741,B,166.37,14,0.086,Zaragoza
P742,A,148.05,2,0.216,Murcia
P743,B,155.01,18,0.039,Malaga
P744,B,7.15,2,0.021,Bilbao
P745,A,86.15,11,0.121,Almeria
P746,C,98.86,9,0.076,Sevilla
P747,A,8.74,12,0.141,Zaragoza
P748,B,55.66,17,0.201,Andujar
P749,C,153.26,15,0.034,Andujar
P750,B,31.74,17,0.145,Andujar
P751,A,109.39,18,0.126,Granada
P752,C,46.96,6,0.036,Malaga
P753,B,7.36,17,0.156,Andujar
P754,A,52.03,18,0.068,Andujar
P755,A,195.3,8,0.122,Almeria
P756,C,161.3,9,0.021,Malaga
P757,B,192.12,6,0.115,Valencia
P758,B,100.13,5,0.077,Valencia
P759,C,26.4,12,0.206,Malaga
P760,C,111.85,11,0.014,Bilbao
P761,A,93.6,1,0.105,Granada
P762,A,169.65,11,0.115,Zaragoza
P763,A,24.13,19,0.181,Murcia
P764,B,100.21,9,0.144,Almeria
P765,A,34.26,2,0.167,Madrid
P766,B,68.31,12,0.194,Valencia
P767,C,148.78,4,0.216,Malaga
P768,C,97.82,4,0.078,Zaragoza
P769,A,78.3,18,0.135,Malaga
P770,C,81.92,15,0.21,Murcia
P771,A,94.59,19,0.247,Zaragoza
P772,C,158.08,13,0.222,Valencia
P773,A,178.96,19,0.093,Andujar
P774,A,191.29,17,0.049,Malaga
P775,C,158.45,6,0.122,Madrid
P776,A,66.5,16,0.185,Valencia
P777,A,139.19,12,0.123,Sevilla
P778,B,90.33,19,0.121,Madrid
P779,B,54.66,5,0.21,Bilbao
P780,B,168.97,17,0.09,Granada
P781,B,12.49,1,0.215,Valencia
P782,B,180.84,10,0.102,Andujar
P783,A,94.99,15,0.082,Valencia
P784,A,129.25,11,0.113,Murcia
P785,A,133.57,13,0.191,Zaragoza
P786,C,179.55,5,0.032,Malaga
P787,B,129.15,1,0.049,Zaragoza
P788,B,124.72,12,0.238,Zaragoza
P789,B,18.0,11,0.044,Valencia
P790,C,106.09,17,0.142,Murcia
P791,A,34.28,4,0.145,Malaga
P792,B,148.8,15,0.122,Malaga
P793,B,104.88,9,0.161,Zaragoza
P794,B,137.64,20,0.057,Bilbao
P795,A,13.13,19,0.138,Granada
P796,C,21.53,19,0.093,Murcia
P797,C,144.68,12,0.165,Bilbao
P798,B,19.06,5,0.035,Almeria
P799,B,18.9,10,0.143,Almeria
P800,C,7.36,17,0.046,Madrid
P801,B,191.52,5,0.07,Zaragoza
P802,A,148.81,16,0.055,Malaga
P803,B,73.88,7,0.046,Valencia
P804,B,62.82,9,0.206,Malaga
P805,B,73.19,3,0.071,Malaga
P806,B,156.06,15,0.232,Andujar
P807,C,133.97,16,0.242,Malaga
P808,C,41.11,18,0.143,Madrid
P809,B,38.95,14,0.036,Bilbao
P810,A,24.19,3,0.094,Almeria
P811,C,133.76,12,0.199,Malaga
P812,C,154.05,9,0.092,Malaga
P813,A,56.68,7,0.022,Andujar
P814,C,9.08,9,0.139,Murcia
P815,C,21.02,13,0.211,Valencia
P816,B,193.73,18,0.199,Murcia
P817,B,62.61,5,0.044,Valencia
P818,A,155.0,13,0.168,Granada
P819,A,126.81,4,0.055,Malaga
P820,A,79.48,2,0.055,Andujar
P821,C,45.11,16,0.219,Sevilla
P822,A,28.67,9,0.062,Zaragoza
P823,A,124.93,9,0.066,Almeria
P824,A,156.05,6,0.0,Bilbao
P825,B,130.56,11,0.218,Almeria
P826,C,108.41,1,0.198,Bilbao
P827,A,13.18,4,0.157,Granada
P828,A,193.86,13,0.188,Murcia
P829,B,160.75,13,0.038,Madrid
P830,B,62.1,13,0.115,Malaga
P831,A,196.09,2,0.088,Sevilla
P832,B,122.37,9,0.023,Bilbao
P833,A,118.57,8,0.122,Zaragoza
P834,A,150.87,7,0.23,Bilbao
P835,B,163.3,4,0.01,Madrid
P836,B,133.01,18,0.073,Almeria
P837,C,29.98,3,0.052,Andujar
P838,A,70.96,6,0.06,Almeria
P839,B,185.98,12,0.227,Granada
P840,B,48.8,12,0.117,Andujar
P841,A,77.57,8,0.117,Almeria
P842,B,89.25,1,0.19,Zaragoza
P843,A,90.68,4,0.039,Almeria
P844,C,124.52,11,0.122,Zaragoza
P845,A,188.9,3,0.107,Zaragoza
P846,B,51.94,13,0.149,Andujar
P847,A,28.69,17,0.25,Murcia
P848,C,43.51,10,0.192,Valencia
P849,B,177.95,12,0.099,Malaga
P850,B,130.93,15,0.207,Bilbao
P851,A,60.75,10,0.043,Valencia
P852,B,164.11,14,0.008,Madrid
P853,A,172.97,13,0.051,Murcia
P854,C,170.07,5,0.085,Valencia
P855,A,184.19,6,0.128,Andujar
P856,A,54.19,2,0.154,Madrid
P857,A,152.23,17,0.228,Sevilla
P858,B,94.81,4,0.127,Murcia
P859,B,169.19,14,0.125,Valencia
P860,A,147.06,10,0.013,Madrid
P861,C,156.41,3,0.009,Sevilla
P862,B,132.95,3,0.138,Almeria
P863,B,39.6,15,0.11,Madrid
P864,B,111.28,6,0.21,Andujar
P865,B,197.01,17,0.04,Almeria
P866,B,187.79,12,0.006,Andujar
P867,A,13.42,20,0.112,Valencia
P868,A,37.14,11,0.059,Malaga
P869,C,30.69,4,0.012,Valencia
P870,C,146.57,6,0.181,Almeria
P871,A,164.47,1,0.028,Zaragoza
P872,A,46.63,20,0.152,Valencia
P873,B,103.64,16,0.07,Almeria
P874,B,168.94,15,0.043,Madrid
P875,A,147.9,17,0.095,Granada
P876,A,110.74,8,0.2,Valencia
P877,B,120.12,12,0.098,Madrid
P878,B,104.13,10,0.188,Andujar
P879,A,63.02,15,0.031,Murcia
P880,A,115.18,9,0.193,Malaga
P881,A,139.33,2,0.059,Andujar
P882,B,175.3,5,0.169,Andujar
P883,A,129.08,6,0.141,Almeria
P884,A,153.42,7,0.232,Zaragoza
P885,C,36.21,1,0.097,Bilbao
P886,A,95.0,7,0.017,Granada
P887,B,6.82,20,0.005,Zaragoza
P888,A,53.1,12,0.207,Almeria
P889,A,146.66,16,0.131,Malaga
P890,A,198.4,16,0.194,Granada
P891,B,24.34,11,0.059,Granada
P892,C,83.29,4,0.086,Almeria
P893,C,161.01,13,0.008,Sevilla
P894,A,44.79,7,0.24,Andujar
P895,B,113.24,4,0.167,Murcia
P896,A,147.95,15,0.233,Sevilla
P897,A,125.12,19,0.066,Almeria
P898,C,41.66,9,0.153,Sevilla
P899,A,74.3,11,0.17,Murcia
P900,A,157.84,8,0.079,Almeria
P901,A,113.07,1,0.212,Almeria
P902,A,6.02,8,0.237,Granada
P903,A,153.39,13,0.221,Sevilla
P904,B,11.89,4,0.185,Madrid
P905,B,150.42,8,0.069,Valencia
P906,C,44.48,3,0.07,Almeria
P907,C,191.82,9,0.241,Sevilla
P908,A,76.75,2,0.003,Bilbao
P909,A,68.75,2,0.179,Malaga
P910,A,34.03,13,0.177,Bilbao
P911,B,64.59,15,0.156,Sevilla
P912,A,175.95,12,0.248,Andujar
P913,B,199.29,4,0.078,Andujar
P914,B,76.82,8,0.085,Sevilla
P915,B,92.48,9,0.02,Granada
P916,B,145.8,5,0.111,Granada
P917,A,177.81,20,0.065,Almeria
P918,C,120.64,18,0.086,Murcia
P919,C,81.35,11,0.209,Valencia
P920,A,85.46,15,0.234,Almeria
P921,C,140.65,9,0.046,Bilbao
P922,B,5.63,17,0.093,Valencia
P923,C,125.82,12,0.232,Bilbao
P924,C,74.32,7,0.015,Granada
P925,B,159.87,10,0.023,Sevilla
P926,A,23.13,10,0.041,Murcia
P927,A,119.7,13,0.149,Bilbao
P928,B,98.79,19,0.038,Granada
P929,B,130.25,11,0.242,Murcia
P930,A,17.65,13,0.112,Almeria
P931,A,118.1,8,0.125,Sevilla
P932,C,114.49,8,0.062,Malaga
P933,C,114.33,4,0.118,Andujar
P934,B,122.68,15,0.165,Zaragoza
P935,A,136.91,11,0.188,Murcia
P936,A,161.97,11,0.188,Malaga
P937,A,57.62,1,0.144,Malaga
P938,C,165.88,17,0.226,Murcia
P939,A,102.16,15,0.204,Malaga
P940,B,20.03,20,0.189,Bilbao
P941,A,16.42,6,0.014,Malaga
P942,B,70.18,15,0.002,Granada
P943,B,158.05,9,0.053,Valencia
P944,C,143.0,14,0.166,Bilbao
P945,A,158.78,18,0.103,Malaga
P946,A,105.87,17,0.101,Almeria
P947,A,90.84,18,0.221,Andujar
P948,C,33.75,5,0.224,Sevilla
P949,C,69.0,20,0.227,Malaga
P950,B,89.63,20,0.078,Madrid
P951,B,22.28,9,0.173,Andujar
P952,B,48.02,11,0.068,Almeria
P953,A,121.65,1,0.048,Granada
P954,C,148.45,18,0.046,Malaga
P955,B,199.68,6,0.086,Granada
P956,A,186.96,2,0.107,Malaga
P957,B,130.3,15,0.208,Zaragoza
P958,A,87.14,14,0.03,Valencia
P959,A,129.05,5,0.184,Granada
P960,B,158.2,6,0.133,Valencia
P961,A,28.08,6,0.072,Andujar
P962,B,84.93,18,0.123,Zaragoza
P963,A,168.76,14,0.075,Sevilla
P964,A,79.85,10,0.149,Bilbao
P965,A,116.52,14,0.108,Valencia
P966,A,119.62,13,0.041,Zaragoza
P967,B,40.97,3,0.029,Valencia
P968,A,75.64,6,0.137,Murcia
P969,B,70.23,8,0.226,Almeria
P970,B,10.11,12,0.086,Sevilla
P971,B,9.72,13,0.183,Almeria
P972,C,167.18,11,0.165,Malaga
P973,B,58.25,12,0.233,Valencia
P974,A,106.03,1,0.205,Malaga
P975,A,63.25,17,0.142,Madrid
P976,A,188.43,16,0.164,Valencia
P977,B,55.56,11,0.225,Zaragoza
P978,A,88.78,13,0.1,Sevilla
P979,B,175.18,18,0.082,Malaga
P980,B,169.18,11,0.003,Valencia
P981,A,41.29,12,0.207,Madrid
P982,C,161.52,6,0.2,Almeria
P983,A,94.35,9,0.026,Zaragoza
P984,A,99.18,16,0.144,Murcia
P985,B,31.03,4,0.116,Valencia
P986,B,20.72,3,0.03,Murcia
P987,B,146.95,16,0.245,Andujar
P988,B,101.81,12,0.054,Sevilla
P989,A,90.19,11,0.017,Valencia
P990,C,147.25,5,0.149,Granada
P991,C,154.28,18,0.185,Madrid
P992,B,35.99,19,0.008,Malaga
P993,A,123.99,6,0.165,Granada
P994,B,31.39,18,0.133,Andujar
P995,A,151.52,6,0.026,Sevilla
P996,A,133.11,4,0.043,Almeria
P997,C,191.54,12,0.142,Zaragoza
P998,A,18.45,19,0.074,Murcia
P999,C,16.13,2,0.235,Andujar
P1000,B,60.03,17,0.205,Malaga
